"都道府県","ゴトモン","ID","ヒント（〇〇＝ふるさと）","すみか","正解後に見せる文","確認"
"北海道","北の守護獣ヒグマロード","HKD-E10","冬眠や生態は理科でも学ぶ。〇〇を象徴する動物。","〇〇全域","冬眠や生態は理科でも学ぶ。北海道を象徴する動物。",""
"北海道","白い恋人ゴーレム","HKD-E019","〇〇を代表する土産菓子。","白い恋人パーク","北海道を代表する土産菓子。",""
"北海道","オーロラスピリット","HKD-L01","〇〇の知床や稚内などでは、まれにオーロラが観測されることがある。","知床の夜空","北海道の知床や稚内などでは、まれにオーロラが観測されることがある。",""
"北海道","シロクマガーディアン","HKD-L02","旭山動物園など〇〇はホッキョクグマの飼育で有名。","旭川・雪原","旭山動物園など北海道はホッキョクグマの飼育で有名。",""
"北海道","火山バードカムイ","HKD-L05","〇〇には有珠山・昭和新山など活火山が多く存在する。","有珠山・昭和新山","北海道には有珠山・昭和新山など活火山が多く存在する。",""
"北海道","オーロラドラゴン","HKD-F01","〇〇でも条件が整えばオーロラを観測できることがある。","夜空","北海道でも条件が整えばオーロラを観測できることがある。",""
"北海道","シマフクロウオラクル","HKD-F02","シマフクロウは〇〇のみに生息し、アイヌ文化で神の鳥とされる。","深い森","シマフクロウは北海道のみに生息し、アイヌ文化で神の鳥とされる。",""
"青森","リンゴチャイルド","AOM-E01","「林檎（りんご）」の漢字は難しい部首を含む。〇〇は日本一のりんご生産地。","リンゴ畑","「林檎（りんご）」の漢字は難しい部首を含む。青森は日本一のりんご生産地。",""
"青森","ツガルスノービースト","AOM-E04","〇〇は豪雪地帯。雪の結晶は六角形になる。","津軽の雪原","青森は豪雪地帯。雪の結晶は六角形になる。",""
"青森","シャミセンシャーマン","AOM-E07","津軽三味線は〇〇の伝統楽器。音色は理科で学ぶ。","津軽地方","津軽三味線は青森の伝統楽器。音色は理科で学ぶ。",""
"青森","ヒバトーテム","AOM-E08","〇〇ヒバは抗菌作用のある針葉樹。木材加工は社会科でも出てくる。","〇〇ヒバの森","青森ヒバは抗菌作用のある針葉樹。木材加工は社会科でも出てくる。",""
"秋田","ハタハタゴーストフィッシュ","AKT-E02","ハタハタは〇〇の冬の魚。発光は生物学のテーマ。","日本海沿岸","ハタハタは秋田の冬の魚。発光は生物学のテーマ。",""
"秋田","犬っこスノーゴーレム","AKT-E07","犬っこ祭りは〇〇の伝統行事。雪の結晶は理科で学ぶ六角形。","犬っこ祭り","犬っこ祭りは秋田の伝統行事。雪の結晶は理科で学ぶ六角形。",""
"秋田","曲げわっぱファントム","AKT-E09","曲げわっぱは〇〇の伝統工芸。木材加工は社会と理科の両面で学べる。","大館","曲げわっぱは秋田の伝統工芸。木材加工は社会と理科の両面で学べる。",""
"岩手","りんどうスピリット","IWT-E05","りんどうは〇〇の県花。植物の受粉の仕組みを理解するきっかけにもなる。","〇〇の山地","りんどうは岩手県の県花。植物の受粉の仕組みを理解するきっかけにもなる。",""
"岩手","チャグチャグホース","IWT-E06","チャグチャグ馬コ祭りは〇〇の伝統行事で、農耕馬を敬う文化。","滝沢市・盛岡近郊","チャグチャグ馬コ祭りは岩手の伝統行事で、農耕馬を敬う文化。",""
"岩手","座敷わらしシャドー","IWT-E09","座敷わらしは〇〇を代表する民俗伝承で、幸福をもたらす存在とも言われる。","古民家","座敷わらしは岩手を代表する民俗伝承で、幸福をもたらす存在とも言われる。",""
"山形","さくらんぼツインズ","YMG-E01","〇〇はさくらんぼ生産量日本一。双子は「ツインズ」と呼ばれる。","さくらんぼ畑","山形はさくらんぼ生産量日本一。双子は「ツインズ」と呼ばれる。",""
"山形","ラ・フランスフェアリー","YMG-E03","〇〇はラ・フランスの生産量も全国トップ。","果樹園","山形はラ・フランスの生産量も全国トップ。",""
"山形","芋煮チャイルド","YMG-E05","〇〇の秋は芋煮会が定番行事。","川原の芋煮会","山形の秋は芋煮会が定番行事。",""
"山形","花笠ダンサーズ","YMG-E06","〇〇花笠まつりは東北四大祭りの一つ。","花笠祭り","山形花笠まつりは東北四大祭りの一つ。",""
"山形","紅花シャーマン","YMG-E07","紅花染めは〇〇の伝統工芸。","紅花畑","紅花染めは山形の伝統工芸。",""
"宮城","ずんだスピリット","MYG-E01","ずんだ餅は仙台の名産。枝豆は「豆」と呼ばれる。","仙台平野","ずんだ餅は仙台の名産。枝豆は「豆」と呼ばれる。",""
"宮城","仙台ギュードール","MYG-E03","仙台牛は日本三大和牛に並ぶ高級ブランド。","仙台平野","仙台牛は日本三大和牛に並ぶ高級ブランド。",""
"宮城","笹かまバード","MYG-E05","笹かまぼこは仙台の名産。小鳥は「バード」と呼ばれる。","仙台港・市場周辺","笹かまぼこは仙台の名産。小鳥は「バード」と呼ばれる。",""
"宮城","七夕スターリウム","MYG-E06","仙台七夕は日本三大七夕の一つ。","仙台七夕まつり","仙台七夕は日本三大七夕の一つ。",""
"宮城","伊達アーマーロード","MYG-E07","伊達政宗の三日月前立て兜は仙台の象徴。","仙台城跡","伊達政宗の三日月前立て兜は仙台の象徴。",""
"宮城","松島シーサーペント","MYG-E10","松島は日本三景の一つ。","松島湾","松島は日本三景の一つ。",""
"福島","ももフェアリー","HKS-E03","〇〇は「くだもの王国」と呼ばれるほど果物栽培が盛ん。","〇〇盆地","福島は「くだもの王国」と呼ばれるほど果物栽培が盛ん。",""
"茨城","レンコンマンドラ","IBK-E01","〇〇はレンコンの生産量日本一。霞ヶ浦周辺で多く栽培される。","霞ヶ浦・蓮根畑","茨城県はレンコンの生産量日本一。霞ヶ浦周辺で多く栽培される。",""
"茨城","アンコウルアー","IBK-E02","〇〇の冬の味覚「アンコウ鍋」に使われる鮟鱇は有名。","大洗沖","茨城県の冬の味覚「アンコウ鍋」に使われる鮟鱇は有名。",""
"栃木","とちおとめフェアリー","TCG-E01","〇〇は「とちおとめ」を中心に、いちごの生産量日本一を誇る。","〇〇・いちご畑","栃木県は「とちおとめ」を中心に、いちごの生産量日本一を誇る。",""
"栃木","しもつかれシャドー","TCG-E02","しもつかれは〇〇の伝統的な冬の料理で、節分後に食べられる。","〇〇・冬の食卓","しもつかれは栃木の伝統的な冬の料理で、節分後に食べられる。",""
"栃木","かんぴょうチャイルド","TCG-E05","〇〇はかんぴょう生産量日本一。巻き寿司にも欠かせない。","〇〇・かんぴょう畑","栃木県はかんぴょう生産量日本一。巻き寿司にも欠かせない。",""
"群馬","こんにゃくスライム","GNM-E01","〇〇はこんにゃく生産量日本一。日本の9割以上を占める。","〇〇・こんにゃく畑","群馬県はこんにゃく生産量日本一。日本の9割以上を占める。",""
"群馬","赤城山ワインバット","GNM-E04","〇〇はワイン造りも盛んで、赤城山は代表的な産地の一つ。","赤城山のぶどう畑","群馬県はワイン造りも盛んで、赤城山は代表的な産地の一つ。",""
"群馬","八木節オーガ","GNM-E09","八木節は〇〇の代表的な民謡で、国指定重要無形文化財。","〇〇・上州地方","八木節は群馬の代表的な民謡で、国指定重要無形文化財。",""
"埼玉","武蔵武神マロウド","SIT-E10","武蔵一宮・氷川神社は〇〇の総鎮守。","大宮・氷川神社","武蔵一宮・氷川神社は埼玉の総鎮守。",""
"千葉","イワシスウォーム","TB-E02","銚子港は日本有数の水揚げを誇る漁港。","銚子漁港","銚子港は日本有数の水揚げを誇る漁港。",""
"千葉","九十九リシェルクラブ","TB-E04","九十九里浜はハマグリやイワシ漁で知られる。","九十九里浜","九十九里浜はハマグリやイワシ漁で知られる。",""
"千葉","銚子ポートゴーレム","TB-E05","犬吠埼灯台は銚子のシンボル的建造物。","銚子港の防波堤","犬吠埼灯台は銚子のシンボル的建造物。",""
"千葉","成田祈祷カラス","TB-E06","成田山は初詣参拝者数全国トップ級。","成田山新勝寺","成田山は初詣参拝者数全国トップ級。",""
"千葉","幕張メカフェンサー","TB-E09","幕張メッセは国際展示場として世界的に有名。","幕張メッセ","幕張メッセは国際展示場として世界的に有名。",""
"千葉","龍宮クジラロード","TB-E10","房総沖は古来より鯨伝説が多く、漁文化と結びつく。","房総沖","房総沖は古来より鯨伝説が多く、漁文化と結びつく。",""
"東京","江戸寿司インプ","TKY-E01","〇〇の築地・豊洲市場は世界最大級の魚市場で、江戸前寿司文化の中心地。","築地市場・豊洲市場","東京の築地・豊洲市場は世界最大級の魚市場で、江戸前寿司文化の中心地。",""
"東京","上野パンダチャイルド","TKY-E05","上野動物園は〇〇内で最も古い動物園。","上野動物園","上野動物園は東京都内で最も古い動物園。",""
"東京","浅草雷鼓コボルト","TKY-E06","浅草寺の雷門は〇〇を代表する観光名所で、雷神像が祀られている。","浅草寺・雷門","浅草寺の雷門は東京を代表する観光名所で、雷神像が祀られている。",""
"東京","隅田川花火スペクター","TKY-E07","隅田川花火大会は〇〇内で最も有名な花火大会。","隅田川花火大会","隅田川花火大会は東京都内で最も有名な花火大会。",""
"東京","江戸大江戸ドラゴン","KNT-F01","江戸は現在の〇〇の旧名で、江戸城を中心に発展した。","江戸城跡・〇〇の空","江戸は現在の東京の旧名で、江戸城を中心に発展した。",""
"神奈川","湘南シラススウォーム","KNG-E01","湘南はしらす漁の名所で、新鮮なしらす丼は観光客に大人気。","湘南・江の島","湘南はしらす漁の名所で、新鮮なしらす丼は観光客に大人気。",""
"神奈川","横浜焼売オートマトン","KNG-E02","横浜中華街はアジア最大級のチャイナタウンで、点心は観光の目玉。","横浜中華街","横浜中華街はアジア最大級のチャイナタウンで、点心は観光の目玉。",""
"神奈川","小田原板カマアーマー","KNG-E03","小田原かまぼこは江戸時代から続く伝統的な加工食品。","小田原市","小田原かまぼこは江戸時代から続く伝統的な加工食品。",""
"神奈川","鎌倉大仏ゴーレム","KNG-E05","鎌倉大仏は高さ約11mの国宝で、鎌倉を代表する観光地。","鎌倉・高徳院","鎌倉大仏は高さ約11mの国宝で、鎌倉を代表する観光地。",""
"神奈川","箱根温泉オニユニット","KNG-E06","箱根は日本屈指の温泉地で、多くの旅館や温泉街がある。","箱根温泉","箱根は日本屈指の温泉地で、多くの旅館や温泉街がある。",""
"神奈川","横須賀カレー","KNG-E07","横須賀は「海軍カレー」の街として全国的に有名。","横須賀市","横須賀は「海軍カレー」の街として全国的に有名。",""
"新潟","コシヒカリスプライト","NGT-E01","〇〇は日本一の米どころで、「魚沼産コシヒカリ」は特に高級ブランド米。","魚沼地域","新潟県は日本一の米どころで、「魚沼産コシヒカリ」は特に高級ブランド米。",""
"新潟","笹団子チャイルド","NGT-E03","笹団子は〇〇を代表する郷土菓子で、保存性も高い。","〇〇市周辺","笹団子は新潟を代表する郷土菓子で、保存性も高い。",""
"新潟","日本酒バインドゴースト","NGT-E04","〇〇は酒蔵数日本一を誇り、淡麗辛口の酒が有名。","長岡や〇〇の酒蔵","新潟は酒蔵数日本一を誇り、淡麗辛口の酒が有名。",""
"新潟","越後雪鬼イエティ","NGT-E10","〇〇は日本有数の豪雪地帯で、雪にまつわる伝承が多い。","越後山脈","新潟県は日本有数の豪雪地帯で、雪にまつわる伝承が多い。",""
"新潟","越後ユキオンロード","CHB-L01","〇〇は日本有数の豪雪地帯で、『雪国』として知られている。","越後山脈・雪原","新潟は日本有数の豪雪地帯で、『雪国』として知られている。",""
"富山","白エビゴースト","TYM-E02","白エビは「〇〇湾の宝石」と呼ばれ、甘みのある高級食材。","〇〇湾","白エビは「富山湾の宝石」と呼ばれ、甘みのある高級食材。",""
"富山","ます寿司ローラー","TYM-E03","〇〇名物「ます寿司」は押し寿司の代表格で、駅弁としても人気。","〇〇市","富山名物「ます寿司」は押し寿司の代表格で、駅弁としても人気。",""
"石川","九谷焼ゴーレム","ISK-E06","九谷焼は400年の歴史を持つ〇〇の伝統陶磁器。","加賀市","九谷焼は400年の歴史を持つ石川県の伝統陶磁器。",""
"福井","ソースカツゴーレム","HKI-E03","〇〇のソースカツ丼は卵でとじない独自のスタイルで知られる。","〇〇市","福井のソースカツ丼は卵でとじない独自のスタイルで知られる。",""
"福井","九頭竜ドラゴンロード","HKI-E10","九頭竜川は〇〇でいちばん大きな川。名前には、九つの頭をもつ竜の伝説がある。","九頭竜川","九頭竜川は福井県でいちばん大きな川。名前には、九つの頭をもつ竜の伝説がある。",""
"山梨","信玄桃スピリット","YMN-E02","〇〇は日本一の桃の生産地で、夏には果樹園観光も盛ん。","笛吹市・桃畑","山梨県は日本一の桃の生産地で、夏には果樹園観光も盛ん。",""
"山梨","ほうとうキャタピラー","YMN-E05","ほうとうは〇〇の代表的な郷土料理で、戦国武将・武田信玄も食したと伝わる。","甲府市","ほうとうは山梨の代表的な郷土料理で、戦国武将・武田信玄も食したと伝わる。",""
"長野","野沢菜シャドークローク","NGN-E02","野沢菜漬けは江戸時代から続く〇〇の伝統保存食。","野沢温泉村","野沢菜漬けは江戸時代から続く長野の伝統保存食。",""
"岐阜","鵜飼リバーバード","GF-E08","〇〇の長良川鵜飼は1300年以上の歴史を持つ伝統漁法。","長良川","岐阜の長良川鵜飼は1300年以上の歴史を持つ伝統漁法。",""
"静岡","富士茶フェアリー","SZO-E01","〇〇は日本一の茶産地として知られる。","〇〇市周辺の茶畑","静岡県は日本一の茶産地として知られる。",""
"静岡","みかんバルーン","SZO-E03","〇〇は日本一のみかんの生産地で、夏には果樹園観光も盛ん。","三ケ日・浜松地域","静岡県は日本一のみかんの生産地で、夏には果樹園観光も盛ん。",""
"愛知","みそカツオーガ","AIC-E01","名古屋のみそカツは、とんかつに豆みその甘いたれをかけた名物料理。","名古屋市","名古屋のみそカツは、とんかつに豆みその甘いたれをかけた名物料理。",""
"愛知","ひつまぶしドラゴネット","AIC-E02","ひつまぶしは名古屋名物のうなぎ料理で、三通りの食べ方を楽しめる。","名古屋市・ひつまぶし店周辺","ひつまぶしは名古屋名物のうなぎ料理で、三通りの食べ方を楽しめる。",""
"愛知","きしめんスピリット","AIC-E03","きしめんは平たい麺で、名古屋のソウルフード。","名古屋市","きしめんは平たい麺で、名古屋のソウルフード。",""
"愛知","金鯱スピリット","AIC-E04","名古屋城の金鯱は城の象徴で、火除けのお守りともされた。","名古屋城","名古屋城の金鯱は城の象徴で、火除けのお守りともされた。",""
"愛知","小倉あんフィッシュ","AIC-E05","名古屋の喫茶店では、トーストに小倉あんをのせた「小倉トースト」が名物。","名古屋市","名古屋の喫茶店では、トーストに小倉あんをのせた「小倉トースト」が名物。",""
"愛知","熱田炎神フェニックス","AIC-E09","熱田神宮は三種の神器の一つ「草薙剣」を祀る名社。","名古屋市・熱田神宮","熱田神宮は三種の神器の一つ「草薙剣」を祀る名社。",""
"愛知","名古屋金鯱キング","CHB-L05","名古屋城の金鯱は江戸時代から続く象徴的存在。","名古屋城・天守閣","名古屋城の金鯱は江戸時代から続く象徴的存在。",""
"三重","真珠シェルピクシー","ME-E02","〇〇の英虞湾は真珠養殖の発祥地。ミキモト真珠島が有名。","志摩・英虞湾","三重の英虞湾は真珠養殖の発祥地。ミキモト真珠島が有名。",""
"三重","伊勢えびウォリアー","ME-E03","伊勢えびは〇〇を代表する高級食材で、縁起物としても人気。","志摩半島の漁村","伊勢えびは三重を代表する高級食材で、縁起物としても人気。",""
"三重","海女パールセイレーン","ME-E07","海女は海の幸を採る女性。〇〇の志摩・英虞湾は有名な海女の町。","志摩・英虞湾","海女は海の幸を採る女性。三重県の志摩・英虞湾は有名な海女の町。",""
"三重","忍者影武者ゴースト","ME-E08","〇〇伊賀は忍者の里として知られ、伊賀流忍者博物館が観光名所。","伊賀上野城下","三重県伊賀は忍者の里として知られ、伊賀流忍者博物館が観光名所。",""
"滋賀","近江米ピクシー","SG-E01","〇〇は近江米の産地で、歴史あるブランド米として有名。","琵琶湖周辺の田んぼ","滋賀は近江米の産地で、歴史あるブランド米として有名。",""
"滋賀","鮒寿司シャドーフィッシュ","SG-E02","鮒寿司は日本最古の発酵寿司の一つで、〇〇の名物料理。","琵琶湖","鮒寿司は日本最古の発酵寿司の一つで、滋賀の名物料理。",""
"滋賀","湖東忍者カラス","SG-E06","〇〇甲賀は伊賀と並ぶ忍者の里。","甲賀市","滋賀県甲賀は伊賀と並ぶ忍者の里。",""
"京都","八坂舞妓キャット","KYT-E01","祇園の舞妓は〇〇を代表する伝統文化の象徴。華やかな衣装と舞が観光客を魅了する。","祇園・八坂神社周辺","祇園の舞妓は京都を代表する伝統文化の象徴。華やかな衣装と舞が観光客を魅了する。",""
"京都","京野菜オーガ","KYT-E06","賀茂ナスや九条ネギなどの京野菜は、古くから〇〇の食文化を支えてきた特産品。","〇〇市近郊の畑","賀茂ナスや九条ネギなどの京野菜は、古くから京都の食文化を支えてきた特産品。",""
"京都","鴨川リバーサーペント","KYT-E09","鴨川は〇〇の中心を流れ、夜の水面に映る影や灯火が幻想的な景観を生む。","鴨川","鴨川は京都の中心を流れ、夜の水面に映る影や灯火が幻想的な景観を生む。",""
"京都","大文字炎鬼","KYT-E10","五山送り火は〇〇の夏の伝統行事で、精霊を送るための炎の祭典。","五山送り火","五山送り火は京都の夏の伝統行事で、精霊を送るための炎の祭典。",""
"大阪","たこ焼きスライム","OSK-E01","たこ焼きは〇〇を代表するソウルフード。","〇〇市・道頓堀","たこ焼きは大阪を代表するソウルフード。",""
"大阪","お好み焼きパンダ","OSK-E02","〇〇のお好み焼きは「粉もん文化」の象徴。","〇〇市・新世界","大阪のお好み焼きは「粉もん文化」の象徴。",""
"大阪","串カツピクシー","OSK-E03","〇〇の粉もん文化の一角を担うのが串カツ。","〇〇市・新世界・ジャンジャン横丁","大阪の粉もん文化の一角を担うのが串カツ。",""
"大阪","通天閣ロボ","OSK-E04","通天閣は〇〇のシンボルタワーとして親しまれている。","〇〇市・新世界","通天閣は大阪のシンボルタワーとして親しまれている。",""
"大阪","グリコランナー","OSK-E05","道頓堀のグリコ看板は〇〇を代表する観光スポット。","〇〇市・道頓堀","道頓堀のグリコ看板は大阪を代表する観光スポット。",""
"大阪","笑い神ピエロ","OSK-E06","〇〇は「笑いの都」と呼ばれ、漫才・落語の発祥地でもある。","〇〇市・なんば・劇場街","大阪は「笑いの都」と呼ばれ、漫才・落語の発祥地でもある。",""
"大阪","安倍晴明シャドウ","OSK-E08","安倍晴明は平安時代の陰陽師で、〇〇・阿倍野に生誕地伝承がある。","〇〇市・阿倍野区","安倍晴明は平安時代の陰陽師で、大阪・阿倍野に生誕地伝承がある。",""
"大阪","道頓堀カニキング","OSK-E09","道頓堀のカニ看板は〇〇観光のシンボルで、動く仕掛けが名物。","〇〇市・道頓堀","道頓堀のカニ看板は大阪観光のシンボルで、動く仕掛けが名物。",""
"兵庫","神戸ビーフブル","HYG-E01","神戸ビーフは世界的に有名なブランド牛肉。","神戸市","神戸ビーフは世界的に有名なブランド牛肉。",""
"兵庫","淡路玉ねぎフェアリー","HYG-E02","淡路島は日本有数の玉ねぎ産地。","淡路島","淡路島は日本有数の玉ねぎ産地。",""
"兵庫","明石タコスライム","HYG-E03","明石のタコはブランド海産物で、たこ焼きの材料にもなる。","明石海峡","明石のタコはブランド海産物で、たこ焼きの材料にもなる。",""
"兵庫","姫路忍者キャット","HYG-E04","姫路城周辺は戦国時代の要衝で、忍者の伝承も残る。","姫路城下町","姫路城周辺は戦国時代の要衝で、忍者の伝承も残る。",""
"兵庫","六甲やまびこスプライト","HYG-E05","六甲山は神戸を代表する観光スポット。","六甲山","六甲山は神戸を代表する観光スポット。",""
"兵庫","氷ノ山こだまキッズ","HYG-E06","氷ノ山は〇〇でいちばん高い山で、ブナの森が広がっている。","氷ノ山","氷ノ山は兵庫県でいちばん高い山で、ブナの森が広がっている。",""
"兵庫","有馬温泉スピリット","HYG-E08","有馬温泉は日本三古湯のひとつ。","有馬温泉","有馬温泉は日本三古湯のひとつ。",""
"兵庫","姫路城天守閣フェニックス","HYG-E10","姫路城は白鷺のように美しいことから「白鷺城」と呼ばれる。","姫路城天守閣","姫路城は白鷺のように美しいことから「白鷺城」と呼ばれる。",""
"兵庫","神戸ドラゴンクレスト","KIN-L03","神戸港は日本有数の国際貿易港で、異国情緒と海の象徴として親しまれている。","神戸港","神戸港は日本有数の国際貿易港で、異国情緒と海の象徴として親しまれている。",""
"奈良","柿の葉すしスライム","NR-E01","柿の葉すしは〇〇の名物で、保存食として古くから親しまれてきた。","〇〇市周辺","柿の葉すしは奈良の名物で、保存食として古くから親しまれてきた。",""
"奈良","大仏ベビィ","NR-E03","〇〇の大仏は世界最大級の青銅仏で、国宝として知られる。","〇〇市・東大寺","奈良の大仏は世界最大級の青銅仏で、国宝として知られる。",""
"奈良","大仏プリンプディ","NR-E04","大仏プリンは〇〇の観光スイーツとして有名で、大きなサイズが特徴。","〇〇市・菓子店","大仏プリンは奈良の観光スイーツとして有名で、大きなサイズが特徴。",""
"奈良","鹿王タイタニス","NR-E10","〇〇の鹿は古代より春日大社の神の使いとされ、〇〇の象徴として尊ばれている。","〇〇市・〇〇公園","奈良の鹿は古代より春日大社の神の使いとされ、奈良の象徴として尊ばれている。",""
"奈良","大和シラサギロード","KIN-L04","〇〇は古代都の地であり、神殿や仏閣と深い縁を持つ。シラサギは平和と神聖の象徴とされる。","古代神殿跡","奈良は古代都の地であり、神殿や仏閣と深い縁を持つ。シラサギは平和と神聖の象徴とされる。",""
"和歌山","梅干しチャイルド","WKY-E01","〇〇は梅干しの一大産地で、特に「南高梅」が有名。","紀州・梅林","和歌山は梅干しの一大産地で、特に「南高梅」が有名。",""
"和歌山","パンダチャイルド","WKY-E03","〇〇・白浜はジャイアントパンダの飼育で有名。","白浜アドベンチャーワールド","和歌山・白浜はジャイアントパンダの飼育で有名。",""
"和歌山","しらすキャット","WKY-E04","〇〇のしらすは新鮮で有名、丼として人気。","和歌浦の漁港","和歌山のしらすは新鮮で有名、丼として人気。",""
"鳥取","二十世紀ナシフェアリー","TTR-E02","〇〇は二十世紀梨の生産地として全国的に有名。","〇〇の梨園","鳥取は二十世紀梨の生産地として全国的に有名。",""
"鳥取","松葉ガニスライム","TTR-E03","松葉ガニは〇〇を代表する冬の味覚。","境港","松葉ガニは鳥取を代表する冬の味覚。",""
"鳥取","砂丘キングキャメル","TTR-E10","ラクダは〇〇砂丘の観光シンボル。","〇〇砂丘","ラクダは鳥取砂丘の観光シンボル。",""
"鳥取","砂嵐サンドゴーレム","CHG-L01","〇〇砂丘は日本最大級の海岸砂丘で、風によってできる“風紋”が有名。","〇〇砂丘","鳥取砂丘は日本最大級の海岸砂丘で、風によってできる“風紋”が有名。",""
"島根","石見神楽ウォリアー","SMN-E08","石見神楽は勇壮な舞と豪華な衣装で知られる〇〇の伝統芸能。","石見地方","石見神楽は勇壮な舞と豪華な衣装で知られる島根の伝統芸能。",""
"岡山","桃太郎チャイルド","OKY-E01","〇〇の桃太郎伝説は、古事記や温羅退治の伝承に基づく。","〇〇","岡山の桃太郎伝説は、古事記や温羅退治の伝承に基づく。",""
"岡山","吉備団子フェアリー","OKY-E02","吉備団子は〇〇名物で、桃太郎が鬼退治の際に仲間へ配ったと言われる。","〇〇","吉備団子は岡山名物で、桃太郎が鬼退治の際に仲間へ配ったと言われる。",""
"岡山","瀬戸内タコスライム","OKY-E06","〇〇の瀬戸内海はタコの名産地で、倉敷や玉野の郷土料理に欠かせない。","瀬戸内海","岡山の瀬戸内海はタコの名産地で、倉敷や玉野の郷土料理に欠かせない。",""
"岡山","温羅オーガ","OKY-E08","温羅伝説は〇〇の鬼退治物語の原点で、吉備津神社の鳴釜神事に伝わる。","鬼ノ城跡","温羅伝説は岡山の鬼退治物語の原点で、吉備津神社の鳴釜神事に伝わる。",""
"岡山","桃源ドラゴンロード","CHG-L03","〇〇は桃太郎伝説の地として知られ、白桃など果物の名産地でもある。","吉備の里・川辺","岡山は桃太郎伝説の地として知られ、白桃など果物の名産地でもある。",""
"広島","もみじまんじゅうフェアリー","HRS-E02","もみじまんじゅうは明治時代に宮島で誕生した銘菓で、お土産として親しまれている。","宮島","もみじまんじゅうは明治時代に宮島で誕生した銘菓で、お土産として親しまれている。",""
"広島","宮島シカチャイルド","HRS-E03","宮島のシカは古くから神の使いとされ、厳島神社の神聖な雰囲気を象徴している。","宮島（厳島神社周辺）","宮島のシカは古くから神の使いとされ、厳島神社の神聖な雰囲気を象徴している。",""
"広島","尾道ネコスピリット","HRS-E04","尾道は「猫の細道」と呼ばれる小道があり、多くの猫好き観光客を惹きつけている。","尾道の坂道","尾道は「猫の細道」と呼ばれる小道があり、多くの猫好き観光客を惹きつけている。",""
"広島","呉カレーミリタリードッグ","HRS-E06","呉市では海上自衛隊のカレーが名物で、毎週金曜日に食べられる伝統がある。","呉市","呉市では海上自衛隊のカレーが名物で、毎週金曜日に食べられる伝統がある。",""
"広島","原爆ドームガーディアン","HRS-E07","原爆ドームは1996年に世界文化遺産に登録され、戦争の悲惨さと平和の大切さを伝えている。","〇〇市平和記念公園","原爆ドームは1996年に世界文化遺産に登録され、戦争の悲惨さと平和の大切さを伝えている。",""
"広島","宮島大鳥居ファントム","HRS-E08","厳島神社の大鳥居は潮の満ち引きによって海に浮かぶように見える景観で有名。","厳島神社","厳島神社の大鳥居は潮の満ち引きによって海に浮かぶように見える景観で有名。",""
"広島","厳島鳳凰ロード","HRS-E10","鳳凰は古来より吉兆を示す聖なる鳥とされ、平和や繁栄の象徴として描かれてきた。","厳島神社","鳳凰は古来より吉兆を示す聖なる鳥とされ、平和や繁栄の象徴として描かれてきた。",""
"広島","厳島シーガーディアン","CHG-L04","厳島神社の大鳥居は海に立つ景観で世界的に有名。","宮島・海上","厳島神社の大鳥居は海に立つ景観で世界的に有名。",""
"広島","宮島ミラージュフェニックス","CHG-F02","宮島の厳島神社は世界遺産で、海に浮かぶ大鳥居が象徴的。","厳島神社・大鳥居","宮島の厳島神社は世界遺産で、海に浮かぶ大鳥居が象徴的。",""
"山口","瓦そばサーペント","YMGC-E02","瓦そばは熱した瓦に茶そばをのせて焼く〇〇独自の料理。","川棚温泉","瓦そばは熱した瓦に茶そばをのせて焼く山口独自の料理。",""
"徳島","すだちスライム","TOKU-E01","すだちは〇〇の特産品で、料理に爽やかな酸味を加える。","〇〇の畑や台所","すだちは徳島県の特産品で、料理に爽やかな酸味を加える。",""
"徳島","阿波おどりスピリット","TOKU-E02","阿波おどりは400年以上続く〇〇の夏祭り。『踊る阿呆に見る阿呆』の掛け声が有名。","阿波おどり会場","阿波おどりは400年以上続く徳島の夏祭り。『踊る阿呆に見る阿呆』の掛け声が有名。",""
"徳島","鳴門ワカメインプ","TOKU-E03","〇〇の鳴門ワカメは肉厚でシャキシャキとした食感が特徴。","鳴門海峡","徳島の鳴門ワカメは肉厚でシャキシャキとした食感が特徴。",""
"徳島","レンコンアーマー","TOKU-E04","〇〇のレンコンはシャキッとした歯ごたえがあり、料理に使われる。","〇〇の田畑","徳島のレンコンはシャキッとした歯ごたえがあり、料理に使われる。",""
"徳島","なると金時チャイルド","TOKU-E06","なると金時は〇〇特産のさつまいもで、ホクホクした甘さが特徴。","なると市の畑","なると金時は徳島特産のさつまいもで、ホクホクした甘さが特徴。",""
"徳島","大鳴門オロチロード","TOKU-E10","〇〇の鳴門海峡は激しい潮流で知られ、古来より伝説の舞台となっている。","鳴門海峡","徳島の鳴門海峡は激しい潮流で知られ、古来より伝説の舞台となっている。",""
"徳島","剣山ミラージュオーガ","SKG-F05","剣山は〇〇の霊峰で、古来より剣や鬼の伝承が語られる場所。","剣山","剣山は徳島県の霊峰で、古来より剣や鬼の伝承が語られる場所。",""
"香川","うどんキャット","KAGA-E01","〇〇は『うどん県』として知られ、讃岐うどんが名物。","高松市周辺","香川県は『うどん県』として知られ、讃岐うどんが名物。",""
"香川","オリーブナイト","KAGA-E08","オリーブは〇〇小豆島のシンボル。","小豆島のオリーブ畑","オリーブは香川県小豆島のシンボル。",""
"香川","サヌカイトロックタイタン","SKG-L03","〇〇で採れるサヌカイト（讃岐石）は、叩くと澄んだ音が鳴るため「カンカン石」とも呼ばれる。","讃岐の岩山","香川で採れるサヌカイト（讃岐石）は、叩くと澄んだ音が鳴るため「カンカン石」とも呼ばれる。",""
"愛媛","みかんスライム","EHIM-E01","〇〇は日本有数のみかんの産地。","みかん畑","愛媛県は日本有数のみかんの産地。",""
"愛媛","坊っちゃんトリックスター","EHIM-E09","『坊っちゃん』は〇〇松山市が舞台となった小説。","松山市内","『坊っちゃん』は愛媛県松山市が舞台となった小説。",""
"愛媛","大三島ゴールデンガーディアン","SKG-L02","〇〇の大三島にある大山祇神社は「日本総鎮守」と呼ばれ、古くから多くの武具が奉納されてきた。","大山祇神社","愛媛の大三島にある大山祇神社は「日本総鎮守」と呼ばれ、古くから多くの武具が奉納されてきた。",""
"高知","土佐犬ビースト","KOCH-E01","土佐犬は〇〇の代表的な犬種で、闘犬として知られる。","土佐地方","土佐犬は高知県の代表的な犬種で、闘犬として知られる。",""
"高知","よさこいフェアリー","KOCH-E03","よさこい祭りは毎年8月に開催される〇〇の代表的な祭り。","〇〇市中心部","よさこい祭りは毎年8月に開催される高知の代表的な祭り。",""
"高知","カツオブレード","KOCH-E04","〇〇はカツオの一本釣りで有名。タタキも名物料理。","〇〇沿岸部","高知県はカツオの一本釣りで有名。タタキも名物料理。",""
"高知","鯨タイタン","KOCH-E07","〇〇沿岸では古くから捕鯨文化があった。","土佐湾","高知県沿岸では古くから捕鯨文化があった。",""
"高知","土佐ブレイドドラゴン","SKG-L04","〇〇に伝わる土佐打刃物は四百年以上の歴史をもち、国の伝統的工芸品に指定されている。","土佐の鍛冶場","高知に伝わる土佐打刃物は四百年以上の歴史をもち、国の伝統的工芸品に指定されている。",""
"福岡","明太子インプ","FUK-E02","〇〇は辛子明太子の名産地として有名。","博多湾沿岸","福岡は辛子明太子の名産地として有名。",""
"福岡","焼きカシワゴブリン","FUK-E06","〇〇では焼き鳥を「焼きカシワ」と呼ぶ。","屋台の煙漂う路地","福岡では焼き鳥を「焼きカシワ」と呼ぶ。",""
"福岡","中洲ランタンガーディアン","FUK-E07","〇〇・中洲は屋台街として有名で、夜の灯りが象徴的。","中洲の夜街","福岡・中洲は屋台街として有名で、夜の灯りが象徴的。",""
"福岡","黒田ブシアーマー","FUK-E08","黒田官兵衛・長政は〇〇藩の礎を築いた戦国武将。","〇〇城跡","黒田官兵衛・長政は福岡藩の礎を築いた戦国武将。",""
"佐賀","バルーンガーディアン","SAGA-E07","〇〇インターナショナルバルーンフェスタは世界的に有名。","〇〇市上空","佐賀インターナショナルバルーンフェスタは世界的に有名。",""
"長崎","平和のハトスピリット","NAGA-E03","〇〇の平和公園は原爆の悲劇と平和への願いを象徴する場所。","〇〇市・平和公園","長崎の平和公園は原爆の悲劇と平和への願いを象徴する場所。",""
"長崎","カステラベア","NAGA-E06","カステラは南蛮文化から伝わった〇〇名物のお菓子。","〇〇市内","カステラは南蛮文化から伝わった長崎名物のお菓子。",""
"長崎","ペンギンロード","NAGA-E10","〇〇ペンギン水族館は世界最多のペンギン飼育種類を誇る。","〇〇ペンギン水族館","長崎ペンギン水族館は世界最多のペンギン飼育種類を誇る。",""
"熊本","スイカバルーン","KUMA-E02","〇〇はスイカの名産地として有名で、春から初夏にかけて出荷の最盛期を迎える。","植木町・合志平野","熊本はスイカの名産地として有名で、春から初夏にかけて出荷の最盛期を迎える。",""
"熊本","肥後ペッパースプライト","KUMA-E04","九州各地では唐辛子を活かした郷土料理が多く、〇〇でも薬味として親しまれる。","八代平野","九州各地では唐辛子を活かした郷土料理が多く、熊本でも薬味として親しまれる。",""
"熊本","火の国ドラゴンロード","KUMA-E10","〇〇は“火の国”の愛称で親しまれ、阿蘇の火山景観がその象徴とされる。","阿蘇火口域","熊本は“火の国”の愛称で親しまれ、阿蘇の火山景観がその象徴とされる。",""
"大分","地獄蒸しスライム","OITA-E02","〇〇の地獄蒸し料理は温泉の蒸気で素材を蒸す伝統的な調理法。","鉄輪地獄温泉","大分の地獄蒸し料理は温泉の蒸気で素材を蒸す伝統的な調理法。",""
"大分","別府スチームタイタン","KYU-L04","〇〇の別府は源泉の数も湧き出る湯の量も日本一で、立ちのぼる湯けむりの景色で知られる。","別府の地獄","大分の別府は源泉の数も湧き出る湯の量も日本一で、立ちのぼる湯けむりの景色で知られる。",""
"宮崎","マンゴースライム","MIYA-E01","〇〇マンゴーは『太陽のタマゴ』など高級ブランドで知られる。","〇〇市・温室周辺","宮崎マンゴーは『太陽のタマゴ』など高級ブランドで知られる。",""
"宮崎","チキン南蛮バーズ","MIYA-E02","チキン南蛮は〇〇発祥の人気料理として全国に広まった。","延岡・〇〇市の商店街","チキン南蛮は宮崎発祥の人気料理として全国に広まった。",""
"鹿児島","さつまイモポリン","KAGO-E01","〇〇はサツマイモの主要産地として有名で、郷土料理にも多用される。","薩摩地方の畑","鹿児島はサツマイモの主要産地として有名で、郷土料理にも多用される。",""
"鹿児島","しろくまアイススライム","KAGO-E04","白くまは練乳ベースのかき氷に果物をあしらった〇〇発の人気スイーツ。","天文館周辺","白くまは練乳ベースのかき氷に果物をあしらった鹿児島発の人気スイーツ。",""
"鹿児島","キビナゴフィッシュ","KAGO-E05","キビナゴは〇〇の郷土料理で刺身や天ぷらとして親しまれる。","錦江湾","キビナゴは鹿児島の郷土料理で刺身や天ぷらとして親しまれる。",""
"鹿児島","桜島マグマドラゴンロード","KAGO-E10","桜島は活火山として知られ、錦江湾にそびえる〇〇の象徴。","桜島火口域","桜島は活火山として知られ、錦江湾にそびえる鹿児島の象徴。",""
"沖縄","ゴーヤスライム","OKI-E01","ゴーヤーは〇〇の代表的な夏野菜で、チャンプルーが定番料理。","那覇・家庭菜園周辺","ゴーヤーは沖縄の代表的な夏野菜で、チャンプルーが定番料理。",""
"沖縄","ソーキリブチャージ","OKI-E03","ソーキそばは豚のあばら肉をのせた〇〇そばの人気メニュー。","名護・食堂街","ソーキそばは豚のあばら肉をのせた沖縄そばの人気メニュー。",""
"沖縄","紅いもクラゲ","OKI-E05","紅いもは〇〇の人気食材でスイーツにも多用される。","読谷・残波岬沖","紅いもは沖縄の人気食材でスイーツにも多用される。",""
"沖縄","パイナップルバード","OKI-E06","〇〇本島北部はパイナップルの栽培で知られる。","名護パイナップル園","沖縄本島北部はパイナップルの栽培で知られる。",""
