"漢字","パーツ1","パーツ2","ならび方","読み（表示）","学年","確認"
"休","亻","木","左右","やすむ","1",""
"林","木","木","左右","はやし","1",""
"村","木","寸","左右","むら","1",""
"校","木","交","左右","こう","1",""
"町","田","丁","左右","まち","1",""
"男","田","力","上下","おとこ","1",""
"字","宀","子","上下","じ","1",""
"花","艹","化","上下","はな","1",""
"草","艹","早","上下","くさ","1",""
"早","日","十","上下","はやい","1",""
"音","立","日","上下","おと","1",""
"名","夕","口","上下","な","1",""
"空","穴","工","上下","そら","1",""
"明","日","月","左右","あかるい","2",""
"体","亻","本","左右","からだ","2",""
"時","日","寺","左右","とき","2",""
"晴","日","青","左右","はれる","2",""
"読","言","売","左右","よむ","2",""
"計","言","十","左右","はかる","2",""
"記","言","己","左右","しるす","2",""
"紙","糸","氏","左右","かみ","2",""
"絵","糸","会","左右","え","2",""
"細","糸","田","左右","ほそい","2",""
"海","氵","毎","左右","うみ","2",""
"姉","女","市","左右","あね","2",""
"妹","女","未","左右","いもうと","2",""
"秋","禾","火","左右","あき","2",""
"鳴","口","鳥","左右","なく","2",""
"野","里","予","左右","の","2",""
"岩","山","石","上下","いわ","2",""
"星","日","生","上下","ほし","2",""
"思","田","心","上下","おもう","2",""
"多","夕","夕","上下","おおい","2",""
"分","八","刀","上下","わける","2",""
"間","門","日","かこみ","あいだ","2",""
"聞","門","耳","かこみ","きく","2",""
"洋","氵","羊","左右","よう","3",""
"畑","火","田","左右","はたけ","3",""
"味","口","未","左右","あじ","3",""
"相","木","目","左右","あい","3",""
"動","重","力","左右","うごく","3",""
"安","宀","女","上下","やすい","3",""
"息","自","心","上下","いき","3",""
"意","音","心","上下","い","3",""
"問","門","口","かこみ","とう","3",""
"松","木","公","左右","まつ","4",""
"好","女","子","左右","すき","4",""
"泉","白","水","上下","いずみ","6",""
"宝","宀","玉","上下","たから","6",""
