学年,漢字,この文での読み,出題する文（［］が問われる漢字）,出てくるステージ,確認（OKなら○、まちがいなら正しい読み）
1,一,ひと,りんごが ［一］つ ある。,北海道奥地／徳島県(小1~小2)／香川県(小1~小3)／宮崎県(小1~中1)／鹿児島県（小1~中2）／沖縄県（小1~中3）,
1,雨,あめ,空から ［雨］が ふってきた。,北海道奥地／徳島県(小1~小2)／香川県(小1~小3)／宮崎県(小1~中1)／鹿児島県（小1~中2）／沖縄県（小1~中3）,
1,王,オウ,どうぶつの ［王］さまは ライオンだ。,北海道奥地／徳島県(小1~小2)／香川県(小1~小3)／宮崎県(小1~中1)／鹿児島県（小1~中2）／沖縄県（小1~中3）,
1,音,おと,おおきな ［音］が きこえた。,北海道奥地／徳島県(小1~小2)／香川県(小1~小3)／宮崎県(小1~中1)／鹿児島県（小1~中2）／沖縄県（小1~中3）,
1,下,した,つくえの ［下］に けしゴムが ある。,北海道奥地／徳島県(小1~小2)／香川県(小1~小3)／宮崎県(小1~中1)／鹿児島県（小1~中2）／沖縄県（小1~中3）,
1,火,ひ,ろうそくに ［火］を つける。,北海道奥地／徳島県(小1~小2)／香川県(小1~小3)／宮崎県(小1~中1)／鹿児島県（小1~中2）／沖縄県（小1~中3）,
1,花,はな,にわに あかい ［花］が さいた。,北海道奥地／徳島県(小1~小2)／香川県(小1~小3)／宮崎県(小1~中1)／鹿児島県（小1~中2）／沖縄県（小1~中3）,
1,貝,かい,うみで きれいな ［貝］がらを ひろった。,北海道奥地／徳島県(小1~小2)／香川県(小1~小3)／宮崎県(小1~中1)／鹿児島県（小1~中2）／沖縄県（小1~中3）,
1,学,まな,学校で 字を ［学］ぶ。,北海道奥地／徳島県(小1~小2)／香川県(小1~小3)／宮崎県(小1~中1)／鹿児島県（小1~中2）／沖縄県（小1~中3）,
1,気,キ,げん［気］に あいさつを する。,北海道奥地／徳島県(小1~小2)／香川県(小1~小3)／宮崎県(小1~中1)／鹿児島県（小1~中2）／沖縄県（小1~中3）,
1,九,ここの,えんぴつが ［九］つ ある。,北海道奥地／徳島県(小1~小2)／香川県(小1~小3)／宮崎県(小1~中1)／鹿児島県（小1~中2）／沖縄県（小1~中3）,
1,休,やす,今日は ゆっくり ［休］む。,北海道奥地／徳島県(小1~小2)／香川県(小1~小3)／宮崎県(小1~中1)／鹿児島県（小1~中2）／沖縄県（小1~中3）,
1,玉,たま,おはじきの ［玉］で あそぶ。,北海道奥地／徳島県(小1~小2)／香川県(小1~小3)／宮崎県(小1~中1)／鹿児島県（小1~中2）／沖縄県（小1~中3）,
1,金,かね,お年玉で お［金］を もらった。,北海道奥地／徳島県(小1~小2)／香川県(小1~小3)／宮崎県(小1~中1)／鹿児島県（小1~中2）／沖縄県（小1~中3）,
1,空,そら,青い ［空］に とりが とんでいる。,北海道奥地／徳島県(小1~小2)／香川県(小1~小3)／宮崎県(小1~中1)／鹿児島県（小1~中2）／沖縄県（小1~中3）,
1,月,つき,まんまるい ［月］が でている。,北海道奥地／徳島県(小1~小2)／香川県(小1~小3)／宮崎県(小1~中1)／鹿児島県（小1~中2）／沖縄県（小1~中3）,
1,犬,いぬ,かわいい ［犬］を かっている。,北海道奥地／徳島県(小1~小2)／香川県(小1~小3)／宮崎県(小1~中1)／鹿児島県（小1~中2）／沖縄県（小1~中3）,
1,見,み,テレビを ［見］るのが すきだ。,北海道奥地／徳島県(小1~小2)／香川県(小1~小3)／宮崎県(小1~中1)／鹿児島県（小1~中2）／沖縄県（小1~中3）,
1,五,いつ,手の ゆびは ［五］つ ある。,北海道奥地／徳島県(小1~小2)／香川県(小1~小3)／宮崎県(小1~中1)／鹿児島県（小1~中2）／沖縄県（小1~中3）,
1,口,くち,おおきな ［口］を あけて うたう。,北海道奥地／徳島県(小1~小2)／香川県(小1~小3)／宮崎県(小1~中1)／鹿児島県（小1~中2）／沖縄県（小1~中3）,
1,左,ひだり,［左］がわを あるこう。,北海道奥地／徳島県(小1~小2)／香川県(小1~小3)／宮崎県(小1~中1)／鹿児島県（小1~中2）／沖縄県（小1~中3）,
1,三,みっ,みかんが ［三］つ テーブルに ある。,北海道奥地／徳島県(小1~小2)／香川県(小1~小3)／宮崎県(小1~中1)／鹿児島県（小1~中2）／沖縄県（小1~中3）,
1,山,やま,たかい ［山］に のぼってみたい。,北海道奥地／徳島県(小1~小2)／香川県(小1~小3)／宮崎県(小1~中1)／鹿児島県（小1~中2）／沖縄県（小1~中3）,
1,子,こ,ひろばで 多くの ［子］が あそんでいる。,北海道奥地／徳島県(小1~小2)／香川県(小1~小3)／宮崎県(小1~中1)／鹿児島県（小1~中2）／沖縄県（小1~中3）,
1,糸,いと,はり に ［糸］を とおすのは むずかしい。,北海道奥地／徳島県(小1~小2)／香川県(小1~小3)／宮崎県(小1~中1)／鹿児島県（小1~中2）／沖縄県（小1~中3）,
1,字,ジ,じぶんの 名まえの ［字］を れんしゅうする。,北海道奥地／徳島県(小1~小2)／香川県(小1~小3)／宮崎県(小1~中1)／鹿児島県（小1~中2）／沖縄県（小1~中3）,
1,耳,みみ,うさぎの ［耳］は ながい。,北海道奥地／徳島県(小1~小2)／香川県(小1~小3)／宮崎県(小1~中1)／鹿児島県（小1~中2）／沖縄県（小1~中3）,
1,七,なな,なないろの にじは ［七］つの いろだ。,北海道奥地／徳島県(小1~小2)／香川県(小1~小3)／宮崎県(小1~中1)／鹿児島県（小1~中2）／沖縄県（小1~中3）,
1,車,くるま,赤い ［車］が とまっている。,北海道奥地／徳島県(小1~小2)／香川県(小1~小3)／宮崎県(小1~中1)／鹿児島県（小1~中2）／沖縄県（小1~中3）,
1,手,て,ごはんの まえに ［手］を きれいに あらう。,北海道奥地／徳島県(小1~小2)／香川県(小1~小3)／宮崎県(小1~中1)／鹿児島県（小1~中2）／沖縄県（小1~中3）,
1,出,で,いえを ［出］て がっこうへ いく。,北海道奥地／徳島県(小1~小2)／香川県(小1~小3)／宮崎県(小1~中1)／鹿児島県（小1~中2）／沖縄県（小1~中3）,
1,女,おんな,あの ［女］の 人は やさしい。,北海道奥地／徳島県(小1~小2)／香川県(小1~小3)／宮崎県(小1~中1)／鹿児島県（小1~中2）／沖縄県（小1~中3）,
1,小,ちい,［小］さな はこを あけてみた。,北海道奥地／徳島県(小1~小2)／香川県(小1~小3)／宮崎県(小1~中1)／鹿児島県（小1~中2）／沖縄県（小1~中3）,
1,上,うえ,つくえの ［上］に ほんが ある。,北海道奥地／徳島県(小1~小2)／香川県(小1~小3)／宮崎県(小1~中1)／鹿児島県（小1~中2）／沖縄県（小1~中3）,
1,森,もり,ふかい ［森］の なかには どうぶつが いる。,北海道奥地／徳島県(小1~小2)／香川県(小1~小3)／宮崎県(小1~中1)／鹿児島県（小1~中2）／沖縄県（小1~中3）,
1,人,ひと,ひろばに ［人］が たくさん あつまった。,北海道市街地／徳島県(小1~小2)／香川県(小1~小3)／宮崎県(小1~中1)／鹿児島県（小1~中2）／沖縄県（小1~中3）,
1,水,みず,つめたい ［水］を のむと きもちがいい。,北海道市街地／徳島県(小1~小2)／香川県(小1~小3)／宮崎県(小1~中1)／鹿児島県（小1~中2）／沖縄県（小1~中3）,
1,正,ただ,こたえが ［正］しいか どうか かくにんする。,北海道市街地／徳島県(小1~小2)／香川県(小1~小3)／宮崎県(小1~中1)／鹿児島県（小1~中2）／沖縄県（小1~中3）,
1,生,は,土から くさの めが ［生］える。,北海道市街地／徳島県(小1~小2)／香川県(小1~小3)／宮崎県(小1~中1)／鹿児島県（小1~中2）／沖縄県（小1~中3）,
1,青,あお,今日の 空は とても ［青］い。,北海道市街地／徳島県(小1~小2)／香川県(小1~小3)／宮崎県(小1~中1)／鹿児島県（小1~中2）／沖縄県（小1~中3）,
1,夕,ゆう,［夕］ごはんの じゅんびを する。,北海道市街地／徳島県(小1~小2)／香川県(小1~小3)／宮崎県(小1~中1)／鹿児島県（小1~中2）／沖縄県（小1~中3）,
1,石,いし,かわらで まるい ［石］を みつけた。,北海道市街地／徳島県(小1~小2)／香川県(小1~小3)／宮崎県(小1~中1)／鹿児島県（小1~中2）／沖縄県（小1~中3）,
1,赤,あか,しんごうが ［赤］に なったら とまる。,北海道市街地／徳島県(小1~小2)／香川県(小1~小3)／宮崎県(小1~中1)／鹿児島県（小1~中2）／沖縄県（小1~中3）,
1,川,かわ,おおきな ［川］で さかなが およいでいる。,北海道市街地／徳島県(小1~小2)／香川県(小1~小3)／宮崎県(小1~中1)／鹿児島県（小1~中2）／沖縄県（小1~中3）,
1,先,さき,わたしが ［先］に はしるよ。,北海道市街地／徳島県(小1~小2)／香川県(小1~小3)／宮崎県(小1~中1)／鹿児島県（小1~中2）／沖縄県（小1~中3）,
1,早,はや,あしたは いつもより ［早］く おきる。,北海道市街地／徳島県(小1~小2)／香川県(小1~小3)／宮崎県(小1~中1)／鹿児島県（小1~中2）／沖縄県（小1~中3）,
1,草,くさ,にわに たくさんの ［草］が はえている。,北海道市街地／徳島県(小1~小2)／香川県(小1~小3)／宮崎県(小1~中1)／鹿児島県（小1~中2）／沖縄県（小1~中3）,
1,足,あし,かけっこでは ［足］が はやいほうが かつ。,北海道市街地／徳島県(小1~小2)／香川県(小1~小3)／宮崎県(小1~中1)／鹿児島県（小1~中2）／沖縄県（小1~中3）,
1,村,むら,おじいちゃんのいえは しずかな ［村］に ある。,北海道市街地／徳島県(小1~小2)／香川県(小1~小3)／宮崎県(小1~中1)／鹿児島県（小1~中2）／沖縄県（小1~中3）,
1,大,おお,［大］きな こえで へんじを する。,北海道市街地／徳島県(小1~小2)／香川県(小1~小3)／宮崎県(小1~中1)／鹿児島県（小1~中2）／沖縄県（小1~中3）,
1,男,おとこ,あの ［男］の 子は わたしの ともだちだ。,北海道市街地／徳島県(小1~小2)／香川県(小1~小3)／宮崎県(小1~中1)／鹿児島県（小1~中2）／沖縄県（小1~中3）,
1,竹,たけ,パンダは ［竹］の はっぱを たべる。,北海道市街地／徳島県(小1~小2)／香川県(小1~小3)／宮崎県(小1~中1)／鹿児島県（小1~中2）／沖縄県（小1~中3）,
1,中,なか,は この ［中］に プレゼントが はいっている。,北海道市街地／徳島県(小1~小2)／香川県(小1~小3)／宮崎県(小1~中1)／鹿児島県（小1~中2）／沖縄県（小1~中3）,
1,虫,むし,はっぱの うえに いろんな ［虫］が いた。,北海道市街地／徳島県(小1~小2)／香川県(小1~小3)／宮崎県(小1~中1)／鹿児島県（小1~中2）／沖縄県（小1~中3）,
1,町,まち,わたしが すんでいる ［町］を しょうかいします。,北海道市街地／徳島県(小1~小2)／香川県(小1~小3)／宮崎県(小1~中1)／鹿児島県（小1~中2）／沖縄県（小1~中3）,
1,天,テン,今日は ［天］気が とても いい。,北海道市街地／徳島県(小1~小2)／香川県(小1~小3)／宮崎県(小1~中1)／鹿児島県（小1~中2）／沖縄県（小1~中3）,
1,田,た,［田］んぼに かかしが たっている。,北海道市街地／徳島県(小1~小2)／香川県(小1~小3)／宮崎県(小1~中1)／鹿児島県（小1~中2）／沖縄県（小1~中3）,
1,土,つち,はたけの ［土］を たがやす。,北海道市街地／徳島県(小1~小2)／香川県(小1~小3)／宮崎県(小1~中1)／鹿児島県（小1~中2）／沖縄県（小1~中3）,
1,日,ひ,今日は とてもあつい ［日］だ。,北海道市街地／徳島県(小1~小2)／香川県(小1~小3)／宮崎県(小1~中1)／鹿児島県（小1~中2）／沖縄県（小1~中3）,
1,入,はい,へやに ［入］るときは ドアを しめる。,北海道市街地／徳島県(小1~小2)／香川県(小1~小3)／宮崎県(小1~中1)／鹿児島県（小1~中2）／沖縄県（小1~中3）,
1,年,とし,あたらしい ［年］が はじまって うれしい。,北海道市街地／徳島県(小1~小2)／香川県(小1~小3)／宮崎県(小1~中1)／鹿児島県（小1~中2）／沖縄県（小1~中3）,
1,八,やっ,たこには 足が ［八］つ ある。,北海道市街地／徳島県(小1~小2)／香川県(小1~小3)／宮崎県(小1~中1)／鹿児島県（小1~中2）／沖縄県（小1~中3）,
1,文,ブン,この 本の ［文］は わかりやすい。,北海道市街地／徳島県(小1~小2)／香川県(小1~小3)／宮崎県(小1~中1)／鹿児島県（小1~中2）／沖縄県（小1~中3）,
1,木,き,ひろばの 大きな ［木］の したで やすむ。,北海道市街地／徳島県(小1~小2)／香川県(小1~小3)／宮崎県(小1~中1)／鹿児島県（小1~中2）／沖縄県（小1~中3）,
1,本,ホン,としょしつで すきな ［本］を よんだ。,北海道市街地／徳島県(小1~小2)／香川県(小1~小3)／宮崎県(小1~中1)／鹿児島県（小1~中2）／沖縄県（小1~中3）,
1,名,な,じぶんの ［名］まえを 大きく かきましょう。,北海道市街地／徳島県(小1~小2)／香川県(小1~小3)／宮崎県(小1~中1)／鹿児島県（小1~中2）／沖縄県（小1~中3）,
1,目,め,ねこは くらやみでも ［目］が よくみえる。,北海道市街地／徳島県(小1~小2)／香川県(小1~小3)／宮崎県(小1~中1)／鹿児島県（小1~中2）／沖縄県（小1~中3）,
1,立,た,先生の まえに きちんと ［立］つ。,北海道市街地／徳島県(小1~小2)／香川県(小1~小3)／宮崎県(小1~中1)／鹿児島県（小1~中2）／沖縄県（小1~中3）,
1,力,ちから,みんなで ［力］を あわせて がんばろう。,北海道市街地／徳島県(小1~小2)／香川県(小1~小3)／宮崎県(小1~中1)／鹿児島県（小1~中2）／沖縄県（小1~中3）,
1,林,はやし,小さな ［林］を ぬけると うみが みえた。,北海道市街地／徳島県(小1~小2)／香川県(小1~小3)／宮崎県(小1~中1)／鹿児島県（小1~中2）／沖縄県（小1~中3）,
1,六,むっ,さいころを ふったら ［六］つ の 目が でた。,北海道市街地／徳島県(小1~小2)／香川県(小1~小3)／宮崎県(小1~中1)／鹿児島県（小1~中2）／沖縄県（小1~中3）,
2,引,ひ,ひもを［引］く。,青森県／徳島県(小1~小2)／香川県(小1~小3)／宮崎県(小1~中1)／鹿児島県（小1~中2）／沖縄県（小1~中3）,
2,羽,はね,鳥の［羽］が、とても きれい。,青森県／徳島県(小1~小2)／香川県(小1~小3)／宮崎県(小1~中1)／鹿児島県（小1~中2）／沖縄県（小1~中3）,
2,雲,くも,空に［雲］が、たくさん うかぶ。,青森県／徳島県(小1~小2)／香川県(小1~小3)／宮崎県(小1~中1)／鹿児島県（小1~中2）／沖縄県（小1~中3）,
2,園,えん,［園］児が、花に 水を やった。,青森県／徳島県(小1~小2)／香川県(小1~小3)／宮崎県(小1~中1)／鹿児島県（小1~中2）／沖縄県（小1~中3）,
2,遠,とお,［遠］い 山が、小さく 見える。,青森県／徳島県(小1~小2)／香川県(小1~小3)／宮崎県(小1~中1)／鹿児島県（小1~中2）／沖縄県（小1~中3）,
2,何,なに,［何］を 食べるか、考える。,青森県／徳島県(小1~小2)／香川県(小1~小3)／宮崎県(小1~中1)／鹿児島県（小1~中2）／沖縄県（小1~中3）,
2,科,か,理科という［科］目を 勉強する。,青森県／徳島県(小1~小2)／香川県(小1~小3)／宮崎県(小1~中1)／鹿児島県（小1~中2）／沖縄県（小1~中3）,
2,夏,なつ,［夏］休みは、とても 楽しい。,青森県／徳島県(小1~小2)／香川県(小1~小3)／宮崎県(小1~中1)／鹿児島県（小1~中2）／沖縄県（小1~中3）,
2,家,いえ,私の［家］は、ここにある。,青森県／徳島県(小1~小2)／香川県(小1~小3)／宮崎県(小1~中1)／鹿児島県（小1~中2）／沖縄県（小1~中3）,
2,歌,うた,みんなで［歌］を、うたう。,青森県／徳島県(小1~小2)／香川県(小1~小3)／宮崎県(小1~中1)／鹿児島県（小1~中2）／沖縄県（小1~中3）,
2,回,まわ,地球は、太陽の まわりを ［回］る。,青森県／徳島県(小1~小2)／香川県(小1~小3)／宮崎県(小1~中1)／鹿児島県（小1~中2）／沖縄県（小1~中3）,
2,会,あ,友達と［会］うのが、楽しみだ。,青森県／徳島県(小1~小2)／香川県(小1~小3)／宮崎県(小1~中1)／鹿児島県（小1~中2）／沖縄県（小1~中3）,
2,海,うみ,［海］で、魚を 見る。,青森県／徳島県(小1~小2)／香川県(小1~小3)／宮崎県(小1~中1)／鹿児島県（小1~中2）／沖縄県（小1~中3）,
2,絵,え,きれいな［絵］を、かく。,青森県／徳島県(小1~小2)／香川県(小1~小3)／宮崎県(小1~中1)／鹿児島県（小1~中2）／沖縄県（小1~中3）,
2,外,そと,［外］で、元気に 遊ぶ。,青森県／徳島県(小1~小2)／香川県(小1~小3)／宮崎県(小1~中1)／鹿児島県（小1~中2）／沖縄県（小1~中3）,
2,角,かど,机の［角］に、ぶつからないように 気を つける。,青森県／徳島県(小1~小2)／香川県(小1~小3)／宮崎県(小1~中1)／鹿児島県（小1~中2）／沖縄県（小1~中3）,
2,楽,たの,音楽を 聞くのは、とても ［楽］しい。,青森県／徳島県(小1~小2)／香川県(小1~小3)／宮崎県(小1~中1)／鹿児島県（小1~中2）／沖縄県（小1~中3）,
2,活,い,元気に［活］き活きと、遊ぶ。,青森県／徳島県(小1~小2)／香川県(小1~小3)／宮崎県(小1~中1)／鹿児島県（小1~中2）／沖縄県（小1~中3）,
2,間,あいだ,木と 木の ［間］を、通る。,青森県／徳島県(小1~小2)／香川県(小1~小3)／宮崎県(小1~中1)／鹿児島県（小1~中2）／沖縄県（小1~中3）,
2,丸,まる,［丸］い ボールで、ともだちと あそぶ。,青森県／徳島県(小1~小2)／香川県(小1~小3)／宮崎県(小1~中1)／鹿児島県（小1~中2）／沖縄県（小1~中3）,
2,岩,いわ,山に、おおきな［岩］が ある。,青森県／徳島県(小1~小2)／香川県(小1~小3)／宮崎県(小1~中1)／鹿児島県（小1~中2）／沖縄県（小1~中3）,
2,顔,かお,ともだちの［顔］を 見て、わらう。,青森県／徳島県(小1~小2)／香川県(小1~小3)／宮崎県(小1~中1)／鹿児島県（小1~中2）／沖縄県（小1~中3）,
2,汽,き,［汽］車が、えきに 入る。,青森県／徳島県(小1~小2)／香川県(小1~小3)／宮崎県(小1~中1)／鹿児島県（小1~中2）／沖縄県（小1~中3）,
2,記,しる,日記に、今日の ことを ［記］す。,青森県／徳島県(小1~小2)／香川県(小1~小3)／宮崎県(小1~中1)／鹿児島県（小1~中2）／沖縄県（小1~中3）,
2,帰,かえ,学校から ［帰］る。,青森県／徳島県(小1~小2)／香川県(小1~小3)／宮崎県(小1~中1)／鹿児島県（小1~中2）／沖縄県（小1~中3）,
2,弓,ゆみ,［弓］を ひいて、やを はなつ。,青森県／徳島県(小1~小2)／香川県(小1~小3)／宮崎県(小1~中1)／鹿児島県（小1~中2）／沖縄県（小1~中3）,
2,牛,うし,［牛］が、草を 食べる。,青森県／徳島県(小1~小2)／香川県(小1~小3)／宮崎県(小1~中1)／鹿児島県（小1~中2）／沖縄県（小1~中3）,
2,魚,さかな,［魚］が、川で 泳ぐ。,青森県／徳島県(小1~小2)／香川県(小1~小3)／宮崎県(小1~中1)／鹿児島県（小1~中2）／沖縄県（小1~中3）,
2,京,きょう,ひがしの ［京］の 町に、行く。,青森県／徳島県(小1~小2)／香川県(小1~小3)／宮崎県(小1~中1)／鹿児島県（小1~中2）／沖縄県（小1~中3）,
2,強,つよ,［強］い 力で、ボールを なげる。,岩手県／徳島県(小1~小2)／香川県(小1~小3)／宮崎県(小1~中1)／鹿児島県（小1~中2）／沖縄県（小1~中3）,
2,教,おし,先生が、漢字の 読み方を ［教］える。,岩手県／徳島県(小1~小2)／香川県(小1~小3)／宮崎県(小1~中1)／鹿児島県（小1~中2）／沖縄県（小1~中3）,
2,近,ちか,学校の ［近］くに、家がある。,岩手県／徳島県(小1~小2)／香川県(小1~小3)／宮崎県(小1~中1)／鹿児島県（小1~中2）／沖縄県（小1~中3）,
2,兄,あに,私の ［兄］は、とても やさしい。,岩手県／徳島県(小1~小2)／香川県(小1~小3)／宮崎県(小1~中1)／鹿児島県（小1~中2）／沖縄県（小1~中3）,
2,形,かたち,まるい ［形］の、おもちゃ。,岩手県／徳島県(小1~小2)／香川県(小1~小3)／宮崎県(小1~中1)／鹿児島県（小1~中2）／沖縄県（小1~中3）,
2,計,はか,時間を ［計］る。,岩手県／徳島県(小1~小2)／香川県(小1~小3)／宮崎県(小1~中1)／鹿児島県（小1~中2）／沖縄県（小1~中3）,
2,元,げん,［元］気な 子ども。,岩手県／徳島県(小1~小2)／香川県(小1~小3)／宮崎県(小1~中1)／鹿児島県（小1~中2）／沖縄県（小1~中3）,
2,言,い,［言］う ことを、よく 聞く。,岩手県／徳島県(小1~小2)／香川県(小1~小3)／宮崎県(小1~中1)／鹿児島県（小1~中2）／沖縄県（小1~中3）,
2,原,はら,広い ［原］で、あそぶ。,岩手県／徳島県(小1~小2)／香川県(小1~小3)／宮崎県(小1~中1)／鹿児島県（小1~中2）／沖縄県（小1~中3）,
2,戸,と,［戸］を 開けて、外へ 出る。,岩手県／徳島県(小1~小2)／香川県(小1~小3)／宮崎県(小1~中1)／鹿児島県（小1~中2）／沖縄県（小1~中3）,
2,古,ふる,［古］い 本を、読む。,岩手県／徳島県(小1~小2)／香川県(小1~小3)／宮崎県(小1~中1)／鹿児島県（小1~中2）／沖縄県（小1~中3）,
2,後,うしろ,学校の ［後］に、公園がある。,岩手県／徳島県(小1~小2)／香川県(小1~小3)／宮崎県(小1~中1)／鹿児島県（小1~中2）／沖縄県（小1~中3）,
2,語,かた,日本語を ［語］る。,岩手県／徳島県(小1~小2)／香川県(小1~小3)／宮崎県(小1~中1)／鹿児島県（小1~中2）／沖縄県（小1~中3）,
2,工,こう,［工］場を、見学する。,岩手県／徳島県(小1~小2)／香川県(小1~小3)／宮崎県(小1~中1)／鹿児島県（小1~中2）／沖縄県（小1~中3）,
2,公,おおやけ,［公］の 場所を、きれいに する。,岩手県／徳島県(小1~小2)／香川県(小1~小3)／宮崎県(小1~中1)／鹿児島県（小1~中2）／沖縄県（小1~中3）,
2,広,ひろ,広い ［広］場で、あそぶ。,岩手県／徳島県(小1~小2)／香川県(小1~小3)／宮崎県(小1~中1)／鹿児島県（小1~中2）／沖縄県（小1~中3）,
2,交,まじ,友達と ［交］わる。,岩手県／徳島県(小1~小2)／香川県(小1~小3)／宮崎県(小1~中1)／鹿児島県（小1~中2）／沖縄県（小1~中3）,
2,光,ひかり,太陽の ［光］が、まぶしい。,岩手県／徳島県(小1~小2)／香川県(小1~小3)／宮崎県(小1~中1)／鹿児島県（小1~中2）／沖縄県（小1~中3）,
2,考,かんが,問題を ［考］える。,岩手県／徳島県(小1~小2)／香川県(小1~小3)／宮崎県(小1~中1)／鹿児島県（小1~中2）／沖縄県（小1~中3）,
2,行,い,学校へ ［行］く。,岩手県／徳島県(小1~小2)／香川県(小1~小3)／宮崎県(小1~中1)／鹿児島県（小1~中2）／沖縄県（小1~中3）,
2,高,たか,［高］い 山に、のぼる。,岩手県／徳島県(小1~小2)／香川県(小1~小3)／宮崎県(小1~中1)／鹿児島県（小1~中2）／沖縄県（小1~中3）,
2,黄,き,［黄］色い 花が、咲く。,岩手県／徳島県(小1~小2)／香川県(小1~小3)／宮崎県(小1~中1)／鹿児島県（小1~中2）／沖縄県（小1~中3）,
2,合,あ,みんなで ［合］わせて、歌う。,岩手県／徳島県(小1~小2)／香川県(小1~小3)／宮崎県(小1~中1)／鹿児島県（小1~中2）／沖縄県（小1~中3）,
2,谷,たに,深い ［谷］を、見る。,岩手県／徳島県(小1~小2)／香川県(小1~小3)／宮崎県(小1~中1)／鹿児島県（小1~中2）／沖縄県（小1~中3）,
2,国,くに,日本の ［国］を、大切にする。,岩手県／徳島県(小1~小2)／香川県(小1~小3)／宮崎県(小1~中1)／鹿児島県（小1~中2）／沖縄県（小1~中3）,
2,黒,くろ,［黒］い 犬が、走る。,岩手県／徳島県(小1~小2)／香川県(小1~小3)／宮崎県(小1~中1)／鹿児島県（小1~中2）／沖縄県（小1~中3）,
2,今,いま,［今］から、勉強する。,岩手県／徳島県(小1~小2)／香川県(小1~小3)／宮崎県(小1~中1)／鹿児島県（小1~中2）／沖縄県（小1~中3）,
2,才,さい,彼は、［才］能がある。,岩手県／徳島県(小1~小2)／香川県(小1~小3)／宮崎県(小1~中1)／鹿児島県（小1~中2）／沖縄県（小1~中3）,
2,細,ほそ,［細］い 道を、歩く。,岩手県／徳島県(小1~小2)／香川県(小1~小3)／宮崎県(小1~中1)／鹿児島県（小1~中2）／沖縄県（小1~中3）,
2,作,つく,おもちゃを ［作］る。,秋田県／徳島県(小1~小2)／香川県(小1~小3)／宮崎県(小1~中1)／鹿児島県（小1~中2）／沖縄県（小1~中3）,
2,算,さん,［算］数の 勉強。,秋田県／徳島県(小1~小2)／香川県(小1~小3)／宮崎県(小1~中1)／鹿児島県（小1~中2）／沖縄県（小1~中3）,
2,止,と,車が ［止］まる。,秋田県／徳島県(小1~小2)／香川県(小1~小3)／宮崎県(小1~中1)／鹿児島県（小1~中2）／沖縄県（小1~中3）,
2,市,いち,［市］場へ、買い物に 行く。,秋田県／徳島県(小1~小2)／香川県(小1~小3)／宮崎県(小1~中1)／鹿児島県（小1~中2）／沖縄県（小1~中3）,
2,矢,や,［矢］を 放つ。,秋田県／徳島県(小1~小2)／香川県(小1~小3)／宮崎県(小1~中1)／鹿児島県（小1~中2）／沖縄県（小1~中3）,
2,姉,あね,私の ［姉］は、やさしい。,秋田県／徳島県(小1~小2)／香川県(小1~小3)／宮崎県(小1~中1)／鹿児島県（小1~中2）／沖縄県（小1~中3）,
2,思,おも,友達を ［思］う。,秋田県／徳島県(小1~小2)／香川県(小1~小3)／宮崎県(小1~中1)／鹿児島県（小1~中2）／沖縄県（小1~中3）,
2,紙,かみ,白い ［紙］に、絵をかく。,秋田県／徳島県(小1~小2)／香川県(小1~小3)／宮崎県(小1~中1)／鹿児島県（小1~中2）／沖縄県（小1~中3）,
2,寺,てら,［寺］へ、お参りに 行く。,秋田県／徳島県(小1~小2)／香川県(小1~小3)／宮崎県(小1~中1)／鹿児島県（小1~中2）／沖縄県（小1~中3）,
2,自,みずか,［自］ら 考える。,秋田県／徳島県(小1~小2)／香川県(小1~小3)／宮崎県(小1~中1)／鹿児島県（小1~中2）／沖縄県（小1~中3）,
2,室,しつ,［室］内では、しずかに 本を 読む。,秋田県／徳島県(小1~小2)／香川県(小1~小3)／宮崎県(小1~中1)／鹿児島県（小1~中2）／沖縄県（小1~中3）,
2,社,やしろ,［社］へ、お参りに 行く。,秋田県／徳島県(小1~小2)／香川県(小1~小3)／宮崎県(小1~中1)／鹿児島県（小1~中2）／沖縄県（小1~中3）,
2,弱,よわ,［弱］い 力では、勝てない。,秋田県／徳島県(小1~小2)／香川県(小1~小3)／宮崎県(小1~中1)／鹿児島県（小1~中2）／沖縄県（小1~中3）,
2,首,くび,［首］を かしげる。,秋田県／徳島県(小1~小2)／香川県(小1~小3)／宮崎県(小1~中1)／鹿児島県（小1~中2）／沖縄県（小1~中3）,
2,秋,あき,［秋］の 空は、とても 高い。,秋田県／徳島県(小1~小2)／香川県(小1~小3)／宮崎県(小1~中1)／鹿児島県（小1~中2）／沖縄県（小1~中3）,
2,週,しゅう,［週］末は、友達と 遊ぶ。,秋田県／徳島県(小1~小2)／香川県(小1~小3)／宮崎県(小1~中1)／鹿児島県（小1~中2）／沖縄県（小1~中3）,
2,春,はる,［春］には、花が 咲く。,秋田県／徳島県(小1~小2)／香川県(小1~小3)／宮崎県(小1~中1)／鹿児島県（小1~中2）／沖縄県（小1~中3）,
2,書,か,本を ［書］く。,秋田県／徳島県(小1~小2)／香川県(小1~小3)／宮崎県(小1~中1)／鹿児島県（小1~中2）／沖縄県（小1~中3）,
2,少,すこ,［少］しだけ、食べる。,秋田県／徳島県(小1~小2)／香川県(小1~小3)／宮崎県(小1~中1)／鹿児島県（小1~中2）／沖縄県（小1~中3）,
2,場,ば,広い［場］所で、みんなで遊ぶ。,秋田県／徳島県(小1~小2)／香川県(小1~小3)／宮崎県(小1~中1)／鹿児島県（小1~中2）／沖縄県（小1~中3）,
2,色,いろ,きれいな［色］の 花を、見つけた。,秋田県／徳島県(小1~小2)／香川県(小1~小3)／宮崎県(小1~中1)／鹿児島県（小1~中2）／沖縄県（小1~中3）,
2,食,た,おいしい［食］べ物を、食べる。,秋田県／徳島県(小1~小2)／香川県(小1~小3)／宮崎県(小1~中1)／鹿児島県（小1~中2）／沖縄県（小1~中3）,
2,心,こころ,［心］が、とても優しい。,秋田県／徳島県(小1~小2)／香川県(小1~小3)／宮崎県(小1~中1)／鹿児島県（小1~中2）／沖縄県（小1~中3）,
2,親,おや,［親］と、公園へ行く。,秋田県／徳島県(小1~小2)／香川県(小1~小3)／宮崎県(小1~中1)／鹿児島県（小1~中2）／沖縄県（小1~中3）,
2,数,かず,［数］を、数える。,秋田県／徳島県(小1~小2)／香川県(小1~小3)／宮崎県(小1~中1)／鹿児島県（小1~中2）／沖縄県（小1~中3）,
2,西,にし,太陽が［西］に、しずむ。,秋田県／徳島県(小1~小2)／香川県(小1~小3)／宮崎県(小1~中1)／鹿児島県（小1~中2）／沖縄県（小1~中3）,
2,声,こえ,大きな［声］で、歌う。,秋田県／徳島県(小1~小2)／香川県(小1~小3)／宮崎県(小1~中1)／鹿児島県（小1~中2）／沖縄県（小1~中3）,
2,星,ほし,夜空に［星］が、たくさん 光る。,宮城県／徳島県(小1~小2)／香川県(小1~小3)／宮崎県(小1~中1)／鹿児島県（小1~中2）／沖縄県（小1~中3）,
2,晴,は,今日は、［晴］れた 空が、とても きれい。,宮城県／徳島県(小1~小2)／香川県(小1~小3)／宮崎県(小1~中1)／鹿児島県（小1~中2）／沖縄県（小1~中3）,
2,切,き,紙を［切］る。,宮城県／徳島県(小1~小2)／香川県(小1~小3)／宮崎県(小1~中1)／鹿児島県（小1~中2）／沖縄県（小1~中3）,
2,雪,ゆき,［雪］が、たくさん 降る。,宮城県／徳島県(小1~小2)／香川県(小1~小3)／宮崎県(小1~中1)／鹿児島県（小1~中2）／沖縄県（小1~中3）,
2,船,ふね,大きな［船］が、海を 進む。,宮城県／徳島県(小1~小2)／香川県(小1~小3)／宮崎県(小1~中1)／鹿児島県（小1~中2）／沖縄県（小1~中3）,
2,線,せん,まっすぐな［線］を、引く。,宮城県／徳島県(小1~小2)／香川県(小1~小3)／宮崎県(小1~中1)／鹿児島県（小1~中2）／沖縄県（小1~中3）,
2,組,く,友達と［組］んで、遊ぶ。,宮城県／徳島県(小1~小2)／香川県(小1~小3)／宮崎県(小1~中1)／鹿児島県（小1~中2）／沖縄県（小1~中3）,
2,走,はし,［走］るのが、とても 速い。,宮城県／徳島県(小1~小2)／香川県(小1~小3)／宮崎県(小1~中1)／鹿児島県（小1~中2）／沖縄県（小1~中3）,
2,多,おお,［多］い 数を、数える。,宮城県／徳島県(小1~小2)／香川県(小1~小3)／宮崎県(小1~中1)／鹿児島県（小1~中2）／沖縄県（小1~中3）,
2,太,ふと,［太］い 木が、にわに ある。,宮城県／徳島県(小1~小2)／香川県(小1~小3)／宮崎県(小1~中1)／鹿児島県（小1~中2）／沖縄県（小1~中3）,
2,体,からだ,［体］を うごかすのが、すきだ。,宮城県／徳島県(小1~小2)／香川県(小1~小3)／宮崎県(小1~中1)／鹿児島県（小1~中2）／沖縄県（小1~中3）,
2,台,だい,つくえの［台］の上に、ほんを おく。,宮城県／徳島県(小1~小2)／香川県(小1~小3)／宮崎県(小1~中1)／鹿児島県（小1~中2）／沖縄県（小1~中3）,
2,地,じ,［地］面を、あるく。,宮城県／徳島県(小1~小2)／香川県(小1~小3)／宮崎県(小1~中1)／鹿児島県（小1~中2）／沖縄県（小1~中3）,
2,池,いけ,こうえんの［池］に、さかなが いる。,宮城県／徳島県(小1~小2)／香川県(小1~小3)／宮崎県(小1~中1)／鹿児島県（小1~中2）／沖縄県（小1~中3）,
2,知,し,あたらしいことを［知］るのが、たのしい。,宮城県／徳島県(小1~小2)／香川県(小1~小3)／宮崎県(小1~中1)／鹿児島県（小1~中2）／沖縄県（小1~中3）,
2,茶,ちゃ,あたたかい［茶］を、のむ。,宮城県／徳島県(小1~小2)／香川県(小1~小3)／宮崎県(小1~中1)／鹿児島県（小1~中2）／沖縄県（小1~中3）,
2,昼,ひる,［昼］ごはんを、たべる。,宮城県／徳島県(小1~小2)／香川県(小1~小3)／宮崎県(小1~中1)／鹿児島県（小1~中2）／沖縄県（小1~中3）,
2,長,なが,［長］い みちを、あるく。,宮城県／徳島県(小1~小2)／香川県(小1~小3)／宮崎県(小1~中1)／鹿児島県（小1~中2）／沖縄県（小1~中3）,
2,鳥,とり,［鳥］が、そらを とぶ。,宮城県／徳島県(小1~小2)／香川県(小1~小3)／宮崎県(小1~中1)／鹿児島県（小1~中2）／沖縄県（小1~中3）,
2,朝,あさ,［朝］に、鳥が 鳴く。,宮城県／徳島県(小1~小2)／香川県(小1~小3)／宮崎県(小1~中1)／鹿児島県（小1~中2）／沖縄県（小1~中3）,
2,直,なお,こわれた おもちゃを ［直］す。,宮城県／徳島県(小1~小2)／香川県(小1~小3)／宮崎県(小1~中1)／鹿児島県（小1~中2）／沖縄県（小1~中3）,
2,通,かよ,学校へ ［通］う 道。,宮城県／徳島県(小1~小2)／香川県(小1~小3)／宮崎県(小1~中1)／鹿児島県（小1~中2）／沖縄県（小1~中3）,
2,弟,おとうと,私の ［弟］は、小さい。,宮城県／徳島県(小1~小2)／香川県(小1~小3)／宮崎県(小1~中1)／鹿児島県（小1~中2）／沖縄県（小1~中3）,
2,店,みせ,［店］で、おかしを 買う。,宮城県／徳島県(小1~小2)／香川県(小1~小3)／宮崎県(小1~中1)／鹿児島県（小1~中2）／沖縄県（小1~中3）,
2,点,てん,テストの ［点］を、見る。,山形県／徳島県(小1~小2)／香川県(小1~小3)／宮崎県(小1~中1)／鹿児島県（小1~中2）／沖縄県（小1~中3）,
2,電,でん,［電］車が、駅に 来る。,山形県／徳島県(小1~小2)／香川県(小1~小3)／宮崎県(小1~中1)／鹿児島県（小1~中2）／沖縄県（小1~中3）,
2,刀,かたな,［刀］を、持つ。,山形県／徳島県(小1~小2)／香川県(小1~小3)／宮崎県(小1~中1)／鹿児島県（小1~中2）／沖縄県（小1~中3）,
2,冬,ふゆ,［冬］は、雪が 降る。,山形県／徳島県(小1~小2)／香川県(小1~小3)／宮崎県(小1~中1)／鹿児島県（小1~中2）／沖縄県（小1~中3）,
2,当,あ,ボールが、［当］たる。,山形県／徳島県(小1~小2)／香川県(小1~小3)／宮崎県(小1~中1)／鹿児島県（小1~中2）／沖縄県（小1~中3）,
2,東,ひがし,［東］の 空が、明るくなる。,山形県／徳島県(小1~小2)／香川県(小1~小3)／宮崎県(小1~中1)／鹿児島県（小1~中2）／沖縄県（小1~中3）,
2,答,こた,先生の 質問に、［答］える。,山形県／徳島県(小1~小2)／香川県(小1~小3)／宮崎県(小1~中1)／鹿児島県（小1~中2）／沖縄県（小1~中3）,
2,頭,あたま,［頭］を、なでる。,山形県／徳島県(小1~小2)／香川県(小1~小3)／宮崎県(小1~中1)／鹿児島県（小1~中2）／沖縄県（小1~中3）,
2,同,おな,友達と ［同］じ 服を、着る。,山形県／徳島県(小1~小2)／香川県(小1~小3)／宮崎県(小1~中1)／鹿児島県（小1~中2）／沖縄県（小1~中3）,
2,道,みち,長い ［道］を、歩く。,山形県／徳島県(小1~小2)／香川県(小1~小3)／宮崎県(小1~中1)／鹿児島県（小1~中2）／沖縄県（小1~中3）,
2,読,よ,本を ［読］むのが、好きだ。,山形県／徳島県(小1~小2)／香川県(小1~小3)／宮崎県(小1~中1)／鹿児島県（小1~中2）／沖縄県（小1~中3）,
2,内,うち,家の ［内］で、遊ぶ。,山形県／徳島県(小1~小2)／香川県(小1~小3)／宮崎県(小1~中1)／鹿児島県（小1~中2）／沖縄県（小1~中3）,
2,南,みなみ,［南］の 空に、鳥が 飛ぶ。,山形県／徳島県(小1~小2)／香川県(小1~小3)／宮崎県(小1~中1)／鹿児島県（小1~中2）／沖縄県（小1~中3）,
2,肉,にく,おいしい ［肉］を、食べる。,山形県／徳島県(小1~小2)／香川県(小1~小3)／宮崎県(小1~中1)／鹿児島県（小1~中2）／沖縄県（小1~中3）,
2,馬,うま,［馬］が、草を 食べる。,山形県／徳島県(小1~小2)／香川県(小1~小3)／宮崎県(小1~中1)／鹿児島県（小1~中2）／沖縄県（小1~中3）,
2,売,う,お店で、おもちゃを ［売］る。,山形県／徳島県(小1~小2)／香川県(小1~小3)／宮崎県(小1~中1)／鹿児島県（小1~中2）／沖縄県（小1~中3）,
2,買,か,お店で、おかしを ［買］う。,山形県／徳島県(小1~小2)／香川県(小1~小3)／宮崎県(小1~中1)／鹿児島県（小1~中2）／沖縄県（小1~中3）,
2,麦,むぎ,［麦］畑が、風に ゆれる。,山形県／徳島県(小1~小2)／香川県(小1~小3)／宮崎県(小1~中1)／鹿児島県（小1~中2）／沖縄県（小1~中3）,
2,半,はん,りんごを ［半］分に、切る。,山形県／徳島県(小1~小2)／香川県(小1~小3)／宮崎県(小1~中1)／鹿児島県（小1~中2）／沖縄県（小1~中3）,
2,番,ばん,［番］号を、言う。,山形県／徳島県(小1~小2)／香川県(小1~小3)／宮崎県(小1~中1)／鹿児島県（小1~中2）／沖縄県（小1~中3）,
2,父,ちち,私の ［父］は、優しい。,山形県／徳島県(小1~小2)／香川県(小1~小3)／宮崎県(小1~中1)／鹿児島県（小1~中2）／沖縄県（小1~中3）,
2,風,かぜ,［風］が、強く 吹く。,山形県／徳島県(小1~小2)／香川県(小1~小3)／宮崎県(小1~中1)／鹿児島県（小1~中2）／沖縄県（小1~中3）,
2,分,わ,りんごを ［分］ける。,山形県／徳島県(小1~小2)／香川県(小1~小3)／宮崎県(小1~中1)／鹿児島県（小1~中2）／沖縄県（小1~中3）,
2,聞,き,鳥の 歌を、［聞］く。,山形県／徳島県(小1~小2)／香川県(小1~小3)／宮崎県(小1~中1)／鹿児島県（小1~中2）／沖縄県（小1~中3）,
2,米,こめ,［米］を、食べる。,山形県／徳島県(小1~小2)／香川県(小1~小3)／宮崎県(小1~中1)／鹿児島県（小1~中2）／沖縄県（小1~中3）,
2,歩,ある,道を ［歩］く。,福島県／徳島県(小1~小2)／香川県(小1~小3)／宮崎県(小1~中1)／鹿児島県（小1~中2）／沖縄県（小1~中3）,
2,母,はは,私の ［母］は、料理が 上手だ。,福島県／徳島県(小1~小2)／香川県(小1~小3)／宮崎県(小1~中1)／鹿児島県（小1~中2）／沖縄県（小1~中3）,
2,方,ほう,［方］角を、見る。,福島県／徳島県(小1~小2)／香川県(小1~小3)／宮崎県(小1~中1)／鹿児島県（小1~中2）／沖縄県（小1~中3）,
2,北,きた,［北］の 空に、星が 光る。,徳島県(小1~小2)／香川県(小1~小3)／宮崎県(小1~中1)／鹿児島県（小1~中2）／沖縄県（小1~中3）,
2,妹,いもうと,私の ［妹］は、小さい。,福島県／徳島県(小1~小2)／香川県(小1~小3)／宮崎県(小1~中1)／鹿児島県（小1~中2）／沖縄県（小1~中3）,
2,万,まん,［万］の 数を、数える。,福島県／徳島県(小1~小2)／香川県(小1~小3)／宮崎県(小1~中1)／鹿児島県（小1~中2）／沖縄県（小1~中3）,
2,鳴,な,鳥が ［鳴］く。,福島県／徳島県(小1~小2)／香川県(小1~小3)／宮崎県(小1~中1)／鹿児島県（小1~中2）／沖縄県（小1~中3）,
2,毛,け,犬の ［毛］が、ふわふわだ。,福島県／徳島県(小1~小2)／香川県(小1~小3)／宮崎県(小1~中1)／鹿児島県（小1~中2）／沖縄県（小1~中3）,
2,門,もん,学校の［門］を、開ける。,福島県／徳島県(小1~小2)／香川県(小1~小3)／宮崎県(小1~中1)／鹿児島県（小1~中2）／沖縄県（小1~中3）,
2,夜,よ,［夜］空に、月が 出る。,福島県／徳島県(小1~小2)／香川県(小1~小3)／宮崎県(小1~中1)／鹿児島県（小1~中2）／沖縄県（小1~中3）,
2,野,の,広い［野］原で、遊ぶ。,徳島県(小1~小2)／香川県(小1~小3)／宮崎県(小1~中1)／鹿児島県（小1~中2）／沖縄県（小1~中3）,
2,友,とも,［友］だちと、公園へ 行く。,福島県／徳島県(小1~小2)／香川県(小1~小3)／宮崎県(小1~中1)／鹿児島県（小1~中2）／沖縄県（小1~中3）,
2,用,よう,［用］事を、する。,福島県／徳島県(小1~小2)／香川県(小1~小3)／宮崎県(小1~中1)／鹿児島県（小1~中2）／沖縄県（小1~中3）,
2,曜,よう,今日の［曜］日は、何曜日？,福島県／徳島県(小1~小2)／香川県(小1~小3)／宮崎県(小1~中1)／鹿児島県（小1~中2）／沖縄県（小1~中3）,
2,来,く,明日、友達が［来］る。,福島県／徳島県(小1~小2)／香川県(小1~小3)／宮崎県(小1~中1)／鹿児島県（小1~中2）／沖縄県（小1~中3）,
2,里,さと,ふるさとの［里］へ、帰る。,福島県／徳島県(小1~小2)／香川県(小1~小3)／宮崎県(小1~中1)／鹿児島県（小1~中2）／沖縄県（小1~中3）,
2,理,り,［理］科の 勉強を、する。,福島県／徳島県(小1~小2)／香川県(小1~小3)／宮崎県(小1~中1)／鹿児島県（小1~中2）／沖縄県（小1~中3）,
2,話,はな,友達と［話］すのが、好きだ。,福島県／徳島県(小1~小2)／香川県(小1~小3)／宮崎県(小1~中1)／鹿児島県（小1~中2）／沖縄県（小1~中3）,
3,悪,わる,［悪］いことに 気づいたら、あやまって やり直せる。,栃木県／香川県(小1~小3)／宮崎県(小1~中1)／鹿児島県（小1~中2）／沖縄県（小1~中3）,
3,安,やす,この 場所は、とても ［安］らかで、心が 落ち着く。,栃木県／香川県(小1~小3)／宮崎県(小1~中1)／鹿児島県（小1~中2）／沖縄県（小1~中3）,
3,暗,くら,［暗］い 夜道を、一人で 歩く。,栃木県／香川県(小1~小3)／宮崎県(小1~中1)／鹿児島県（小1~中2）／沖縄県（小1~中3）,
3,医,い,［医］者になるのが、私の 夢だ。,栃木県／香川県(小1~小3)／宮崎県(小1~中1)／鹿児島県（小1~中2）／沖縄県（小1~中3）,
3,委,ゆだ,大切な 仕事を、友達に ［委］ねる。,栃木県／香川県(小1~小3)／宮崎県(小1~中1)／鹿児島県（小1~中2）／沖縄県（小1~中3）,
3,意,い,私の［意］見を、みんなに 伝える。,栃木県／香川県(小1~小3)／宮崎県(小1~中1)／鹿児島県（小1~中2）／沖縄県（小1~中3）,
3,育,そだ,花を ［育］てるのが、好きだ。,栃木県／香川県(小1~小3)／宮崎県(小1~中1)／鹿児島県（小1~中2）／沖縄県（小1~中3）,
3,員,いん,クラスの［員］数。,栃木県／香川県(小1~小3)／宮崎県(小1~中1)／鹿児島県（小1~中2）／沖縄県（小1~中3）,
3,院,いん,この 病院の ［院］長は、やさしい。,栃木県／香川県(小1~小3)／宮崎県(小1~中1)／鹿児島県（小1~中2）／沖縄県（小1~中3）,
3,飲,の,水を ［飲］む。,栃木県／香川県(小1~小3)／宮崎県(小1~中1)／鹿児島県（小1~中2）／沖縄県（小1~中3）,
3,運,はこ,にもつを ［運］ぶのが、たいへんだった。,栃木県／香川県(小1~小3)／宮崎県(小1~中1)／鹿児島県（小1~中2）／沖縄県（小1~中3）,
3,泳,およ,プールで ［泳］ぐのが、とても 楽しい。,栃木県／香川県(小1~小3)／宮崎県(小1~中1)／鹿児島県（小1~中2）／沖縄県（小1~中3）,
3,駅,えき,［駅］まで、歩いて 行く。,栃木県／香川県(小1~小3)／宮崎県(小1~中1)／鹿児島県（小1~中2）／沖縄県（小1~中3）,
3,央,おう,公園の 中［央］に、大きな 木が ある。,栃木県／香川県(小1~小3)／宮崎県(小1~中1)／鹿児島県（小1~中2）／沖縄県（小1~中3）,
3,横,よこ,道を ［横］ぎる 車に、気を つける。,栃木県／香川県(小1~小3)／宮崎県(小1~中1)／鹿児島県（小1~中2）／沖縄県（小1~中3）,
3,屋,や,パン［屋］さんで、おいしい パンを 買う。,栃木県／香川県(小1~小3)／宮崎県(小1~中1)／鹿児島県（小1~中2）／沖縄県（小1~中3）,
3,温,あたた,［温］かい お茶を、飲む。,栃木県／香川県(小1~小3)／宮崎県(小1~中1)／鹿児島県（小1~中2）／沖縄県（小1~中3）,
3,化,ば,虫が ［化］けて、ちょうちょに なった。,栃木県／香川県(小1~小3)／宮崎県(小1~中1)／鹿児島県（小1~中2）／沖縄県（小1~中3）,
3,荷,に,重い ［荷］物を、運ぶのが 大変だ。,栃木県／香川県(小1~小3)／宮崎県(小1~中1)／鹿児島県（小1~中2）／沖縄県（小1~中3）,
3,界,かい,世［界］には、いろいろな 国が ある。,栃木県／香川県(小1~小3)／宮崎県(小1~中1)／鹿児島県（小1~中2）／沖縄県（小1~中3）,
3,開,あ,ドアを ［開］ける。,栃木県／香川県(小1~小3)／宮崎県(小1~中1)／鹿児島県（小1~中2）／沖縄県（小1~中3）,
3,階,かい,この 建物は、［階］段が 多い。,栃木県／香川県(小1~小3)／宮崎県(小1~中1)／鹿児島県（小1~中2）／沖縄県（小1~中3）,
3,寒,さむ,［寒］い 冬の 日、雪が 降る。,栃木県／香川県(小1~小3)／宮崎県(小1~中1)／鹿児島県（小1~中2）／沖縄県（小1~中3）,
3,感,かん,友達の 優しさに、［感］動した。,栃木県／香川県(小1~小3)／宮崎県(小1~中1)／鹿児島県（小1~中2）／沖縄県（小1~中3）,
3,漢,かん,［漢］字を、勉強する。,栃木県／香川県(小1~小3)／宮崎県(小1~中1)／鹿児島県（小1~中2）／沖縄県（小1~中3）,
3,館,やかた,古い ［館］を 見学した。,栃木県／香川県(小1~小3)／宮崎県(小1~中1)／鹿児島県（小1~中2）／沖縄県（小1~中3）,
3,岸,きし,川の［岸］で、魚を 釣る。,栃木県／香川県(小1~小3)／宮崎県(小1~中1)／鹿児島県（小1~中2）／沖縄県（小1~中3）,
3,起,お,朝、早く ［起］きる。,栃木県／香川県(小1~小3)／宮崎県(小1~中1)／鹿児島県（小1~中2）／沖縄県（小1~中3）,
3,期,き,テストの ［期］間が、終わった。,栃木県／香川県(小1~小3)／宮崎県(小1~中1)／鹿児島県（小1~中2）／沖縄県（小1~中3）,
3,客,きゃく,お店に ［客］が、たくさん 来る。,栃木県／香川県(小1~小3)／宮崎県(小1~中1)／鹿児島県（小1~中2）／沖縄県（小1~中3）,
3,究,きわ,科学者は、星の ひみつを ［究］めようと している。,栃木県／香川県(小1~小3)／宮崎県(小1~中1)／鹿児島県（小1~中2）／沖縄県（小1~中3）,
3,急,いそ,［急］いで、学校へ 行く。,栃木県／香川県(小1~小3)／宮崎県(小1~中1)／鹿児島県（小1~中2）／沖縄県（小1~中3）,
3,級,きゅう,私の ［級］は、とても 楽しい。,栃木県／香川県(小1~小3)／宮崎県(小1~中1)／鹿児島県（小1~中2）／沖縄県（小1~中3）,
3,宮,みや,お［宮］へ、お参りに 行く。,栃木県／香川県(小1~小3)／宮崎県(小1~中1)／鹿児島県（小1~中2）／沖縄県（小1~中3）,
3,球,たま,［球］を 投げる。,栃木県／香川県(小1~小3)／宮崎県(小1~中1)／鹿児島県（小1~中2）／沖縄県（小1~中3）,
3,去,さ,昨日、友達が ［去］った。,群馬県／香川県(小1~小3)／宮崎県(小1~中1)／鹿児島県（小1~中2）／沖縄県（小1~中3）,
3,橋,はし,川に ［橋］が、かかっている。,群馬県／香川県(小1~小3)／宮崎県(小1~中1)／鹿児島県（小1~中2）／沖縄県（小1~中3）,
3,業,ぎょう,この 町では、農［業］が さかんだ。,群馬県／香川県(小1~小3)／宮崎県(小1~中1)／鹿児島県（小1~中2）／沖縄県（小1~中3）,
3,曲,ま,［曲］がった 道を、歩く。,群馬県／香川県(小1~小3)／宮崎県(小1~中1)／鹿児島県（小1~中2）／沖縄県（小1~中3）,
3,銀,ぎん,［銀］色の コインを、見つけた。,群馬県／香川県(小1~小3)／宮崎県(小1~中1)／鹿児島県（小1~中2）／沖縄県（小1~中3）,
3,区,く,私の 住んでいる ［区］は、とても 静かだ。,群馬県／香川県(小1~小3)／宮崎県(小1~中1)／鹿児島県（小1~中2）／沖縄県（小1~中3）,
3,苦,くる,［苦］しい 練習を、がんばる。,群馬県／香川県(小1~小3)／宮崎県(小1~中1)／鹿児島県（小1~中2）／沖縄県（小1~中3）,
3,君,きみ,［君］と、一緒に 遊ぶ。,群馬県／香川県(小1~小3)／宮崎県(小1~中1)／鹿児島県（小1~中2）／沖縄県（小1~中3）,
3,係,かかり,クラスの ［係］を、する。,群馬県／香川県(小1~小3)／宮崎県(小1~中1)／鹿児島県（小1~中2）／沖縄県（小1~中3）,
3,血,ち,［血］が、流れる。,群馬県／香川県(小1~小3)／宮崎県(小1~中1)／鹿児島県（小1~中2）／沖縄県（小1~中3）,
3,決,き,今日の ことを、［決］める。,群馬県／香川県(小1~小3)／宮崎県(小1~中1)／鹿児島県（小1~中2）／沖縄県（小1~中3）,
3,研,と,石を ［研］ぐ。,群馬県／香川県(小1~小3)／宮崎県(小1~中1)／鹿児島県（小1~中2）／沖縄県（小1~中3）,
3,県,けん,私の 住んでいる ［県］は、とても 広い。,群馬県／香川県(小1~小3)／宮崎県(小1~中1)／鹿児島県（小1~中2）／沖縄県（小1~中3）,
3,庫,こ,車［庫］に 車を とめた。,群馬県／香川県(小1~小3)／宮崎県(小1~中1)／鹿児島県（小1~中2）／沖縄県（小1~中3）,
3,湖,みずうみ,きれいな ［湖］を、見る。,群馬県／香川県(小1~小3)／宮崎県(小1~中1)／鹿児島県（小1~中2）／沖縄県（小1~中3）,
3,向,む,太陽の ［向］こうへ、歩く。,群馬県／香川県(小1~小3)／宮崎県(小1~中1)／鹿児島県（小1~中2）／沖縄県（小1~中3）,
3,幸,しあわ,［幸］せな 気持ちに、なる。,群馬県／香川県(小1~小3)／宮崎県(小1~中1)／鹿児島県（小1~中2）／沖縄県（小1~中3）,
3,港,みなと,大きな ［港］に、船が 入る。,群馬県／香川県(小1~小3)／宮崎県(小1~中1)／鹿児島県（小1~中2）／沖縄県（小1~中3）,
3,号,ごう,学校新聞の 第1［号］を 読んだ。,群馬県／香川県(小1~小3)／宮崎県(小1~中1)／鹿児島県（小1~中2）／沖縄県（小1~中3）,
3,根,ね,木の ［根］が、地面に はる。,群馬県／香川県(小1~小3)／宮崎県(小1~中1)／鹿児島県（小1~中2）／沖縄県（小1~中3）,
3,皿,さら,きれいな ［皿］に、おかしを のせる。,群馬県／香川県(小1~小3)／宮崎県(小1~中1)／鹿児島県（小1~中2）／沖縄県（小1~中3）,
3,仕,つか,昔、王に ［仕］える 人が いた。,群馬県／香川県(小1~小3)／宮崎県(小1~中1)／鹿児島県（小1~中2）／沖縄県（小1~中3）,
3,死,し,［死］んだ 木も、森の 生き物の すみかに なる。,群馬県／香川県(小1~小3)／宮崎県(小1~中1)／鹿児島県（小1~中2）／沖縄県（小1~中3）,
3,使,つか,鉛筆を ［使］う。,群馬県／香川県(小1~小3)／宮崎県(小1~中1)／鹿児島県（小1~中2）／沖縄県（小1~中3）,
3,始,はじ,新しい ことを ［始］める。,群馬県／香川県(小1~小3)／宮崎県(小1~中1)／鹿児島県（小1~中2）／沖縄県（小1~中3）,
3,指,ゆび,［指］を さす。,群馬県／香川県(小1~小3)／宮崎県(小1~中1)／鹿児島県（小1~中2）／沖縄県（小1~中3）,
3,歯,は,［歯］を 磨く。,群馬県／香川県(小1~小3)／宮崎県(小1~中1)／鹿児島県（小1~中2）／沖縄県（小1~中3）,
3,詩,し,［詩］を 読む。,群馬県／香川県(小1~小3)／宮崎県(小1~中1)／鹿児島県（小1~中2）／沖縄県（小1~中3）,
3,事,こと,今日の ［事］を、話す。,群馬県／香川県(小1~小3)／宮崎県(小1~中1)／鹿児島県（小1~中2）／沖縄県（小1~中3）,
3,持,も,本を ［持］つ。,群馬県／香川県(小1~小3)／宮崎県(小1~中1)／鹿児島県（小1~中2）／沖縄県（小1~中3）,
3,実,み,木に ［実］が、たくさん なった。,茨城県／香川県(小1~小3)／宮崎県(小1~中1)／鹿児島県（小1~中2）／沖縄県（小1~中3）,
3,写,うつ,絵を ［写］すのが、とても 楽しい。,茨城県／香川県(小1~小3)／宮崎県(小1~中1)／鹿児島県（小1~中2）／沖縄県（小1~中3）,
3,者,もの,この ［者］は、とても 優しい。,茨城県／香川県(小1~小3)／宮崎県(小1~中1)／鹿児島県（小1~中2）／沖縄県（小1~中3）,
3,主,ぬし,この 家の ［主］は、だれだろう。,茨城県／香川県(小1~小3)／宮崎県(小1~中1)／鹿児島県（小1~中2）／沖縄県（小1~中3）,
3,守,まも,家族を ［守］る。,茨城県／香川県(小1~小3)／宮崎県(小1~中1)／鹿児島県（小1~中2）／沖縄県（小1~中3）,
3,取,と,本を ［取］る。,茨城県／香川県(小1~小3)／宮崎県(小1~中1)／鹿児島県（小1~中2）／沖縄県（小1~中3）,
3,酒,さけ,お［酒］は、大人の 飲み物だ。,茨城県／香川県(小1~小3)／宮崎県(小1~中1)／鹿児島県（小1~中2）／沖縄県（小1~中3）,
3,受,う,プレゼントを ［受］け取る。,茨城県／香川県(小1~小3)／宮崎県(小1~中1)／鹿児島県（小1~中2）／沖縄県（小1~中3）,
3,州,しゅう,アメリカには、たくさんの ［州］がある。,茨城県／香川県(小1~小3)／宮崎県(小1~中1)／鹿児島県（小1~中2）／沖縄県（小1~中3）,
3,拾,ひろ,道を 歩いていて、お金を ［拾］った。,茨城県／香川県(小1~小3)／宮崎県(小1~中1)／鹿児島県（小1~中2）／沖縄県（小1~中3）,
3,終,お,今日の 勉強が、［終］わった。,茨城県／香川県(小1~小3)／宮崎県(小1~中1)／鹿児島県（小1~中2）／沖縄県（小1~中3）,
3,習,なら,新しい ことを ［習］うのが、好きだ。,茨城県／香川県(小1~小3)／宮崎県(小1~中1)／鹿児島県（小1~中2）／沖縄県（小1~中3）,
3,集,あつ,みんなで ［集］まって、遊ぶ。,茨城県／香川県(小1~小3)／宮崎県(小1~中1)／鹿児島県（小1~中2）／沖縄県（小1~中3）,
3,住,す,この 町に ［住］む。,茨城県／香川県(小1~小3)／宮崎県(小1~中1)／鹿児島県（小1~中2）／沖縄県（小1~中3）,
3,重,おも,［重］い 荷物を、持つ。,茨城県／香川県(小1~小3)／宮崎県(小1~中1)／鹿児島県（小1~中2）／沖縄県（小1~中3）,
3,宿,しゅく,［宿］題を、する。,茨城県／香川県(小1~小3)／宮崎県(小1~中1)／鹿児島県（小1~中2）／沖縄県（小1~中3）,
3,所,ところ,私の 好きな ［所］は、公園だ。,茨城県／香川県(小1~小3)／宮崎県(小1~中1)／鹿児島県（小1~中2）／沖縄県（小1~中3）,
3,暑,あつ,［暑］い 夏の 日。,茨城県／香川県(小1~小3)／宮崎県(小1~中1)／鹿児島県（小1~中2）／沖縄県（小1~中3）,
3,助,たす,困っている 友達を、［助］ける。,茨城県／香川県(小1~小3)／宮崎県(小1~中1)／鹿児島県（小1~中2）／沖縄県（小1~中3）,
3,昭,しょう,［昭］和という 時代が、昔あった。,茨城県／香川県(小1~小3)／宮崎県(小1~中1)／鹿児島県（小1~中2）／沖縄県（小1~中3）,
3,消,け,電気を ［消］す。,茨城県／香川県(小1~小3)／宮崎県(小1~中1)／鹿児島県（小1~中2）／沖縄県（小1~中3）,
3,商,あきな,お店で ［商］いをする。,茨城県／香川県(小1~小3)／宮崎県(小1~中1)／鹿児島県（小1~中2）／沖縄県（小1~中3）,
3,章,しょう,本の ［章］を、読む。,茨城県／香川県(小1~小3)／宮崎県(小1~中1)／鹿児島県（小1~中2）／沖縄県（小1~中3）,
3,勝,か,試合に ［勝］つ。,茨城県／香川県(小1~小3)／宮崎県(小1~中1)／鹿児島県（小1~中2）／沖縄県（小1~中3）,
3,乗,の,バスに ［乗］る。,茨城県／香川県(小1~小3)／宮崎県(小1~中1)／鹿児島県（小1~中2）／沖縄県（小1~中3）,
3,植,う,木を ［植］える。,茨城県／香川県(小1~小3)／宮崎県(小1~中1)／鹿児島県（小1~中2）／沖縄県（小1~中3）,
3,申,もう,先生に ［申］し出る。,茨城県／香川県(小1~小3)／宮崎県(小1~中1)／鹿児島県（小1~中2）／沖縄県（小1~中3）,
3,身,しん,［身］体を 動かす。,茨城県／香川県(小1~小3)／宮崎県(小1~中1)／鹿児島県（小1~中2）／沖縄県（小1~中3）,
3,神,かみ,［神］様を、信じる。,茨城県／香川県(小1~小3)／宮崎県(小1~中1)／鹿児島県（小1~中2）／沖縄県（小1~中3）,
3,真,ま,［真］っ直ぐな 道を、歩く。,茨城県／香川県(小1~小3)／宮崎県(小1~中1)／鹿児島県（小1~中2）／沖縄県（小1~中3）,
3,深,ふか,［深］い 海に、魚が いる。,茨城県／香川県(小1~小3)／宮崎県(小1~中1)／鹿児島県（小1~中2）／沖縄県（小1~中3）,
3,進,すす,前に ［進］む。,茨城県／香川県(小1~小3)／宮崎県(小1~中1)／鹿児島県（小1~中2）／沖縄県（小1~中3）,
3,世,よ,この ［世］の中は、広い。,茨城県／香川県(小1~小3)／宮崎県(小1~中1)／鹿児島県（小1~中2）／沖縄県（小1~中3）,
3,整,ととの,部屋を ［整］える。,茨城県／香川県(小1~小3)／宮崎県(小1~中1)／鹿児島県（小1~中2）／沖縄県（小1~中3）,
3,昔,むかし,［昔］の 話を、聞く。,埼玉県／神奈川県／香川県(小1~小3)／宮崎県(小1~中1)／鹿児島県（小1~中2）／沖縄県（小1~中3）,
3,相,あい,［相］手の 気持ちを 考えて、話す。,埼玉県／神奈川県／香川県(小1~小3)／宮崎県(小1~中1)／鹿児島県（小1~中2）／沖縄県（小1~中3）,
3,送,おく,手紙を ［送］る。,埼玉県／神奈川県／香川県(小1~小3)／宮崎県(小1~中1)／鹿児島県（小1~中2）／沖縄県（小1~中3）,
3,想,そう,未来を ［想］像する。,埼玉県／神奈川県／香川県(小1~小3)／宮崎県(小1~中1)／鹿児島県（小1~中2）／沖縄県（小1~中3）,
3,息,いき,［息］を する。,埼玉県／神奈川県／香川県(小1~小3)／宮崎県(小1~中1)／鹿児島県（小1~中2）／沖縄県（小1~中3）,
3,速,はや,［速］く 走る。,埼玉県／神奈川県／香川県(小1~小3)／宮崎県(小1~中1)／鹿児島県（小1~中2）／沖縄県（小1~中3）,
3,族,ぞく,家［族］と 公園で あそんだ。,埼玉県／神奈川県／香川県(小1~小3)／宮崎県(小1~中1)／鹿児島県（小1~中2）／沖縄県（小1~中3）,
3,打,う,ボールを ［打］つ。,埼玉県／神奈川県／香川県(小1~小3)／宮崎県(小1~中1)／鹿児島県（小1~中2）／沖縄県（小1~中3）,
3,対,たい,友達と ［対］話する。,埼玉県／神奈川県／香川県(小1~小3)／宮崎県(小1~中1)／鹿児島県（小1~中2）／沖縄県（小1~中3）,
3,待,ま,友達を ［待］つ。,埼玉県／神奈川県／香川県(小1~小3)／宮崎県(小1~中1)／鹿児島県（小1~中2）／沖縄県（小1~中3）,
3,代,か,先生の ［代］わりに、教える。,埼玉県／神奈川県／香川県(小1~小3)／宮崎県(小1~中1)／鹿児島県（小1~中2）／沖縄県（小1~中3）,
3,題,だい,テストの ［題］を、解く。,埼玉県／神奈川県／香川県(小1~小3)／宮崎県(小1~中1)／鹿児島県（小1~中2）／沖縄県（小1~中3）,
3,炭,すみ,［炭］を 燃やす。,埼玉県／神奈川県／香川県(小1~小3)／宮崎県(小1~中1)／鹿児島県（小1~中2）／沖縄県（小1~中3）,
3,談,だん,友達と ［談］笑する。,埼玉県／神奈川県／香川県(小1~小3)／宮崎県(小1~中1)／鹿児島県（小1~中2）／沖縄県（小1~中3）,
3,着,き,服を ［着］る。,埼玉県／神奈川県／香川県(小1~小3)／宮崎県(小1~中1)／鹿児島県（小1~中2）／沖縄県（小1~中3）,
3,注,そそ,水を ［注］ぐ。,埼玉県／神奈川県／香川県(小1~小3)／宮崎県(小1~中1)／鹿児島県（小1~中2）／沖縄県（小1~中3）,
3,柱,はしら,家の ［柱］を、見る。,埼玉県／神奈川県／香川県(小1~小3)／宮崎県(小1~中1)／鹿児島県（小1~中2）／沖縄県（小1~中3）,
3,丁,ちょう,［丁］度 いい。,埼玉県／神奈川県／香川県(小1~小3)／宮崎県(小1~中1)／鹿児島県（小1~中2）／沖縄県（小1~中3）,
3,帳,ちょう,新しい ［帳］面に、今日の ことを 書いた。,埼玉県／神奈川県／香川県(小1~小3)／宮崎県(小1~中1)／鹿児島県（小1~中2）／沖縄県（小1~中3）,
3,調,しら,音を ［調］べる。,埼玉県／神奈川県／香川県(小1~小3)／宮崎県(小1~中1)／鹿児島県（小1~中2）／沖縄県（小1~中3）,
3,追,お,ボールを ［追］う。,埼玉県／神奈川県／香川県(小1~小3)／宮崎県(小1~中1)／鹿児島県（小1~中2）／沖縄県（小1~中3）,
3,定,さだ,今日の 予定を ［定］める。,埼玉県／神奈川県／香川県(小1~小3)／宮崎県(小1~中1)／鹿児島県（小1~中2）／沖縄県（小1~中3）,
3,庭,にわ,広い ［庭］で、花を 育てる。,埼玉県／神奈川県／香川県(小1~小3)／宮崎県(小1~中1)／鹿児島県（小1~中2）／沖縄県（小1~中3）,
3,笛,ふえ,［笛］を 吹くのが、とても 楽しい。,埼玉県／神奈川県／香川県(小1~小3)／宮崎県(小1~中1)／鹿児島県（小1~中2）／沖縄県（小1~中3）,
3,鉄,てつ,［鉄］の 棒を、持つ。,埼玉県／神奈川県／香川県(小1~小3)／宮崎県(小1~中1)／鹿児島県（小1~中2）／沖縄県（小1~中3）,
3,転,ころ,ボールが ［転］がる。,埼玉県／神奈川県／香川県(小1~小3)／宮崎県(小1~中1)／鹿児島県（小1~中2）／沖縄県（小1~中3）,
3,都,みやこ,東京という ［都］へ、行く。,千葉県／神奈川県／香川県(小1~小3)／宮崎県(小1~中1)／鹿児島県（小1~中2）／沖縄県（小1~中3）,
3,度,たび,［度］々、友達と 会う。,千葉県／神奈川県／香川県(小1~小3)／宮崎県(小1~中1)／鹿児島県（小1~中2）／沖縄県（小1~中3）,
3,投,な,ボールを ［投］げる。,千葉県／神奈川県／香川県(小1~小3)／宮崎県(小1~中1)／鹿児島県（小1~中2）／沖縄県（小1~中3）,
3,豆,まめ,［豆］を 食べる。,千葉県／神奈川県／香川県(小1~小3)／宮崎県(小1~中1)／鹿児島県（小1~中2）／沖縄県（小1~中3）,
3,島,しま,小さな ［島］へ、行く。,千葉県／神奈川県／香川県(小1~小3)／宮崎県(小1~中1)／鹿児島県（小1~中2）／沖縄県（小1~中3）,
3,湯,ゆ,お［湯］を 沸かす。,千葉県／神奈川県／香川県(小1~小3)／宮崎県(小1~中1)／鹿児島県（小1~中2）／沖縄県（小1~中3）,
3,登,のぼ,山に ［登］る。,千葉県／神奈川県／香川県(小1~小3)／宮崎県(小1~中1)／鹿児島県（小1~中2）／沖縄県（小1~中3）,
3,等,ひと,みんな ［等］しく、遊ぶ。,千葉県／神奈川県／香川県(小1~小3)／宮崎県(小1~中1)／鹿児島県（小1~中2）／沖縄県（小1~中3）,
3,動,うご,体が ［動］く。,千葉県／神奈川県／香川県(小1~小3)／宮崎県(小1~中1)／鹿児島県（小1~中2）／沖縄県（小1~中3）,
3,童,わらべ,［童］歌を、歌う。,千葉県／神奈川県／香川県(小1~小3)／宮崎県(小1~中1)／鹿児島県（小1~中2）／沖縄県（小1~中3）,
3,農,のう,［農］家で、野菜を 作る。,千葉県／神奈川県／香川県(小1~小3)／宮崎県(小1~中1)／鹿児島県（小1~中2）／沖縄県（小1~中3）,
3,波,なみ,海の ［波］が、高い。,千葉県／神奈川県／香川県(小1~小3)／宮崎県(小1~中1)／鹿児島県（小1~中2）／沖縄県（小1~中3）,
3,配,くば,みんなに おかしを ［配］る。,千葉県／神奈川県／香川県(小1~小3)／宮崎県(小1~中1)／鹿児島県（小1~中2）／沖縄県（小1~中3）,
3,倍,ばい,数を ［倍］にする。,千葉県／神奈川県／香川県(小1~小3)／宮崎県(小1~中1)／鹿児島県（小1~中2）／沖縄県（小1~中3）,
3,箱,はこ,おもちゃを ［箱］に、しまう。,千葉県／神奈川県／香川県(小1~小3)／宮崎県(小1~中1)／鹿児島県（小1~中2）／沖縄県（小1~中3）,
3,畑,はたけ,［畑］で、おいしい やさいを つくる。,千葉県／神奈川県／香川県(小1~小3)／宮崎県(小1~中1)／鹿児島県（小1~中2）／沖縄県（小1~中3）,
3,発,はつ,新しい ゲームが、［発］売される。,千葉県／神奈川県／香川県(小1~小3)／宮崎県(小1~中1)／鹿児島県（小1~中2）／沖縄県（小1~中3）,
3,反,そ,うすい 板が、雨に ぬれて ［反］った。,千葉県／神奈川県／香川県(小1~小3)／宮崎県(小1~中1)／鹿児島県（小1~中2）／沖縄県（小1~中3）,
3,坂,さか,長い ［坂］道を、自転車で のぼる。,千葉県／神奈川県／香川県(小1~小3)／宮崎県(小1~中1)／鹿児島県（小1~中2）／沖縄県（小1~中3）,
3,板,いた,木の ［板］で、小さな 家を 作る。,千葉県／神奈川県／香川県(小1~小3)／宮崎県(小1~中1)／鹿児島県（小1~中2）／沖縄県（小1~中3）,
3,皮,かわ,りんごの ［皮］を、むく。,千葉県／神奈川県／香川県(小1~小3)／宮崎県(小1~中1)／鹿児島県（小1~中2）／沖縄県（小1~中3）,
3,悲,かな,［悲］しい 映画を 見て、涙が 出た。,千葉県／神奈川県／香川県(小1~小3)／宮崎県(小1~中1)／鹿児島県（小1~中2）／沖縄県（小1~中3）,
3,鼻,はな,犬の ［鼻］は、とても 良い。,千葉県／神奈川県／香川県(小1~小3)／宮崎県(小1~中1)／鹿児島県（小1~中2）／沖縄県（小1~中3）,
3,筆,ふで,［筆］で、絵を かく。,千葉県／神奈川県／香川県(小1~小3)／宮崎県(小1~中1)／鹿児島県（小1~中2）／沖縄県（小1~中3）,
3,氷,こおり,［氷］が、水に うかんでいる。,千葉県／神奈川県／香川県(小1~小3)／宮崎県(小1~中1)／鹿児島県（小1~中2）／沖縄県（小1~中3）,
3,表,おもて,時計の ［表］を、見る。,千葉県／神奈川県／香川県(小1~小3)／宮崎県(小1~中1)／鹿児島県（小1~中2）／沖縄県（小1~中3）,
3,秒,びょう,［秒］を 数えるのが、とても 楽しい。,千葉県／神奈川県／香川県(小1~小3)／宮崎県(小1~中1)／鹿児島県（小1~中2）／沖縄県（小1~中3）,
3,品,しな,お店に、たくさんの ［品］物が 並んでいる。,千葉県／神奈川県／香川県(小1~小3)／宮崎県(小1~中1)／鹿児島県（小1~中2）／沖縄県（小1~中3）,
3,負,ま,試合に ［負］けて、くやしい。,千葉県／神奈川県／香川県(小1~小3)／宮崎県(小1~中1)／鹿児島県（小1~中2）／沖縄県（小1~中3）,
3,部,ぶ,学校の ［部］活動に、参加する。,千葉県／神奈川県／香川県(小1~小3)／宮崎県(小1~中1)／鹿児島県（小1~中2）／沖縄県（小1~中3）,
3,病,びょう,［病］気が、早く 治ると いいな。,千葉県／神奈川県／香川県(小1~小3)／宮崎県(小1~中1)／鹿児島県（小1~中2）／沖縄県（小1~中3）,
3,服,ふく,新しい ［服］を、着る。,千葉県／神奈川県／香川県(小1~小3)／宮崎県(小1~中1)／鹿児島県（小1~中2）／沖縄県（小1~中3）,
3,福,ふく,［福］の 神が、やって来た。,千葉県／神奈川県／香川県(小1~小3)／宮崎県(小1~中1)／鹿児島県（小1~中2）／沖縄県（小1~中3）,
3,物,もの,たくさんの ［物］を、集める。,千葉県／神奈川県／香川県(小1~小3)／宮崎県(小1~中1)／鹿児島県（小1~中2）／沖縄県（小1~中3）,
3,返,かえ,本を ［返］す。,東京都／神奈川県／香川県(小1~小3)／宮崎県(小1~中1)／鹿児島県（小1~中2）／沖縄県（小1~中3）,
3,放,はな,ボールを ［放］す。,東京都／神奈川県／香川県(小1~小3)／宮崎県(小1~中1)／鹿児島県（小1~中2）／沖縄県（小1~中3）,
3,味,あじ,おいしい ［味］が、する。,東京都／神奈川県／香川県(小1~小3)／宮崎県(小1~中1)／鹿児島県（小1~中2）／沖縄県（小1~中3）,
3,命,いのち,［命］を 大切に する。,東京都／神奈川県／香川県(小1~小3)／宮崎県(小1~中1)／鹿児島県（小1~中2）／沖縄県（小1~中3）,
3,面,おもて,［面］を、見る。,東京都／神奈川県／香川県(小1~小3)／宮崎県(小1~中1)／鹿児島県（小1~中2）／沖縄県（小1~中3）,
3,問,と,先生に ［問］いかける。,東京都／神奈川県／香川県(小1~小3)／宮崎県(小1~中1)／鹿児島県（小1~中2）／沖縄県（小1~中3）,
3,役,やく,［役］割を、果たす。,東京都／神奈川県／香川県(小1~小3)／宮崎県(小1~中1)／鹿児島県（小1~中2）／沖縄県（小1~中3）,
3,薬,くすり,［薬］を、飲む。,東京都／神奈川県／香川県(小1~小3)／宮崎県(小1~中1)／鹿児島県（小1~中2）／沖縄県（小1~中3）,
3,由,よし,この 出来事の ［由］を、先生に 伝える。,東京都／神奈川県／香川県(小1~小3)／宮崎県(小1~中1)／鹿児島県（小1~中2）／沖縄県（小1~中3）,
3,油,あぶら,［油］を 使って、料理を する。,東京都／神奈川県／香川県(小1~小3)／宮崎県(小1~中1)／鹿児島県（小1~中2）／沖縄県（小1~中3）,
3,有,あ,この 場所には、［有］るものが たくさん ある。,東京都／神奈川県／香川県(小1~小3)／宮崎県(小1~中1)／鹿児島県（小1~中2）／沖縄県（小1~中3）,
3,遊,あそ,公園で ［遊］ぶのが、とても 楽しい。,東京都／神奈川県／香川県(小1~小3)／宮崎県(小1~中1)／鹿児島県（小1~中2）／沖縄県（小1~中3）,
3,予,よ,明日の 天気を ［予］想する。,東京都／神奈川県／香川県(小1~小3)／宮崎県(小1~中1)／鹿児島県（小1~中2）／沖縄県（小1~中3）,
3,羊,ひつじ,［羊］が、草を 食べている。,東京都／神奈川県／香川県(小1~小3)／宮崎県(小1~中1)／鹿児島県（小1~中2）／沖縄県（小1~中3）,
3,洋,よう,［洋］服を、着る。,東京都／神奈川県／香川県(小1~小3)／宮崎県(小1~中1)／鹿児島県（小1~中2）／沖縄県（小1~中3）,
3,葉,は,木の ［葉］が、赤く なった。,東京都／神奈川県／香川県(小1~小3)／宮崎県(小1~中1)／鹿児島県（小1~中2）／沖縄県（小1~中3）,
3,陽,よう,［陽］気な 音楽を、聞く。,東京都／神奈川県／香川県(小1~小3)／宮崎県(小1~中1)／鹿児島県（小1~中2）／沖縄県（小1~中3）,
3,落,お,木から ［落］ちた 葉っぱを、拾う。,東京都／神奈川県／香川県(小1~小3)／宮崎県(小1~中1)／鹿児島県（小1~中2）／沖縄県（小1~中3）,
3,流,なが,川の 水が、［流］れる。,東京都／神奈川県／香川県(小1~小3)／宮崎県(小1~中1)／鹿児島県（小1~中2）／沖縄県（小1~中3）,
3,旅,たび,［旅］をするのが、とても 好きだ。,東京都／神奈川県／香川県(小1~小3)／宮崎県(小1~中1)／鹿児島県（小1~中2）／沖縄県（小1~中3）,
3,両,りょう,［両］手で、ボールを 持つ。,東京都／神奈川県／香川県(小1~小3)／宮崎県(小1~中1)／鹿児島県（小1~中2）／沖縄県（小1~中3）,
3,緑,みどり,［緑］の 草が、たくさん 生えている。,東京都／神奈川県／香川県(小1~小3)／宮崎県(小1~中1)／鹿児島県（小1~中2）／沖縄県（小1~中3）,
3,礼,れい,お［礼］を 言う。,東京都／神奈川県／香川県(小1~小3)／宮崎県(小1~中1)／鹿児島県（小1~中2）／沖縄県（小1~中3）,
3,列,れつ,［列］に 並んで、順番を 待つ。,東京都／神奈川県／香川県(小1~小3)／宮崎県(小1~中1)／鹿児島県（小1~中2）／沖縄県（小1~中3）,
3,練,ね,粘土を ［練］って、形を 作る。,東京都／神奈川県／香川県(小1~小3)／宮崎県(小1~中1)／鹿児島県（小1~中2）／沖縄県（小1~中3）,
3,和,わ,クラスの ［和］を 大切に する。,東京都／神奈川県／香川県(小1~小3)／宮崎県(小1~中1)／鹿児島県（小1~中2）／沖縄県（小1~中3）,
4,愛,あい,ぼくは、公園の鳥にえさをあげるとき、動物を［愛］する心を忘れない。,新潟県／愛媛県(小4~小5)／高知県(小4~小6)／宮崎県(小1~中1)／鹿児島県（小1~中2）／沖縄県（小1~中3）,
4,案,あん,クラス会の出し物について、みんなで話し合い、良い［案］を出し合った。,新潟県／愛媛県(小4~小5)／高知県(小4~小6)／宮崎県(小1~中1)／鹿児島県（小1~中2）／沖縄県（小1~中3）,
4,以,い,この乗り物は、身長が百二十センチメートル［以］上の人だけが乗れる。,新潟県／愛媛県(小4~小5)／高知県(小4~小6)／宮崎県(小1~中1)／鹿児島県（小1~中2）／沖縄県（小1~中3）,
4,衣,ころも,お母さんが、季節に合わせて冬の［衣］を出してくれた。,新潟県／愛媛県(小4~小5)／高知県(小4~小6)／宮崎県(小1~中1)／鹿児島県（小1~中2）／沖縄県（小1~中3）,
4,位,くらい,算数の時間に、数字の「一の［位］」と「十の位」について学習した。,新潟県／愛媛県(小4~小5)／高知県(小4~小6)／宮崎県(小1~中1)／鹿児島県（小1~中2）／沖縄県（小1~中3）,
4,茨,いばら,おじさんの家がある［茨］城県へ、夏休みに遊びに行く計画を立てた。,新潟県／愛媛県(小4~小5)／高知県(小4~小6)／宮崎県(小1~中1)／鹿児島県（小1~中2）／沖縄県（小1~中3）,
4,印,しるし,宝の地図に書かれた、大きな木の［印］を見つけた。,新潟県／愛媛県(小4~小5)／高知県(小4~小6)／宮崎県(小1~中1)／鹿児島県（小1~中2）／沖縄県（小1~中3）,
4,栄,さか,この町が、これからもずっと平和で［栄］えていくことを、みんなで願っている。,新潟県／愛媛県(小4~小5)／高知県(小4~小6)／宮崎県(小1~中1)／鹿児島県（小1~中2）／沖縄県（小1~中3）,
4,塩,しお,理科の実験で、海水から［塩］の結晶を取り出すことに成功した。,新潟県／愛媛県(小4~小5)／高知県(小4~小6)／宮崎県(小1~中1)／鹿児島県（小1~中2）／沖縄県（小1~中3）,
4,加,くわ,料理の最後に、かくし味としてさとうを少し［加］えた。,新潟県／愛媛県(小4~小5)／高知県(小4~小6)／宮崎県(小1~中1)／鹿児島県（小1~中2）／沖縄県（小1~中3）,
4,芽,め,春になって、植木ばちにまいた花の種から、小さな［芽］が出てきた。,新潟県／愛媛県(小4~小5)／高知県(小4~小6)／宮崎県(小1~中1)／鹿児島県（小1~中2）／沖縄県（小1~中3）,
4,改,あらた,自分のまちがいをみとめ、考えを［改］めることは、とても勇気がいることだ。,新潟県／愛媛県(小4~小5)／高知県(小4~小6)／宮崎県(小1~中1)／鹿児島県（小1~中2）／沖縄県（小1~中3）,
4,街,まち,日曜日の［街］は、たくさんの人でにぎわっていて、とても活気があった。,富山県／愛媛県(小4~小5)／高知県(小4~小6)／宮崎県(小1~中1)／鹿児島県（小1~中2）／沖縄県（小1~中3）,
4,各,かく,運動会では、［各］クラスが、自分たちの色の旗を作って応援した。,富山県／愛媛県(小4~小5)／高知県(小4~小6)／宮崎県(小1~中1)／鹿児島県（小1~中2）／沖縄県（小1~中3）,
4,覚,おぼ,新しい漢字の書き方を、毎日れんしゅうして［覚］えた。,富山県／愛媛県(小4~小5)／高知県(小4~小6)／宮崎県(小1~中1)／鹿児島県（小1~中2）／沖縄県（小1~中3）,
4,旗,はた,運動会の入場行進で、ぼくはクラスの［旗］を持つ係になった。,富山県／愛媛県(小4~小5)／高知県(小4~小6)／宮崎県(小1~中1)／鹿児島県（小1~中2）／沖縄県（小1~中3）,
4,器,うつわ,お母さんが、誕生日にきれいなガラスの［器］をプレゼントしてくれた。,富山県／愛媛県(小4~小5)／高知県(小4~小6)／宮崎県(小1~中1)／鹿児島県（小1~中2）／沖縄県（小1~中3）,
4,機,はた,昔の人は、［機］を使って、時間と手間をかけて布をおっていたそうだ。,富山県／愛媛県(小4~小5)／高知県(小4~小6)／宮崎県(小1~中1)／鹿児島県（小1~中2）／沖縄県（小1~中3）,
4,議,ぎ,学級会で、今日の ［議］題を 話し合った。,富山県／愛媛県(小4~小5)／高知県(小4~小6)／宮崎県(小1~中1)／鹿児島県（小1~中2）／沖縄県（小1~中3）,
4,泣,な,物語の最後の場面がとても感動的で、思わず［泣］いてしまった。,石川県／愛媛県(小4~小5)／高知県(小4~小6)／宮崎県(小1~中1)／鹿児島県（小1~中2）／沖縄県（小1~中3）,
4,挙,あ,質問がある人は、静かに手を［挙］げて、先生に知らせてください。,石川県／愛媛県(小4~小5)／高知県(小4~小6)／宮崎県(小1~中1)／鹿児島県（小1~中2）／沖縄県（小1~中3）,
4,漁,りょう,漁師さんたちは、朝早くから船に乗って、［漁］に出かける。,石川県／愛媛県(小4~小5)／高知県(小4~小6)／宮崎県(小1~中1)／鹿児島県（小1~中2）／沖縄県（小1~中3）,
4,鏡,かがみ,毎朝、［鏡］を見て、自分の髪型をきちんと整える。,石川県／愛媛県(小4~小5)／高知県(小4~小6)／宮崎県(小1~中1)／鹿児島県（小1~中2）／沖縄県（小1~中3）,
4,極,きょく,北極や南極は、地球の［極］にある寒い場所だ。,石川県／愛媛県(小4~小5)／高知県(小4~小6)／宮崎県(小1~中1)／鹿児島県（小1~中2）／沖縄県（小1~中3）,
4,熊,くま,熊本県のマスコットキャラクターは、黒くて元気な［熊］だ。,石川県／愛媛県(小4~小5)／高知県(小4~小6)／宮崎県(小1~中1)／鹿児島県（小1~中2）／沖縄県（小1~中3）,
4,軍,ぐん,歴史の物語で、二つの［軍］が戦う場面を読んだ。,石川県／愛媛県(小4~小5)／高知県(小4~小6)／宮崎県(小1~中1)／鹿児島県（小1~中2）／沖縄県（小1~中3）,
4,郡,ぐん,いくつかの 町や 村が、同じ ［郡］に 入っている。,石川県／愛媛県(小4~小5)／高知県(小4~小6)／宮崎県(小1~中1)／鹿児島県（小1~中2）／沖縄県（小1~中3）,
4,群,む,空を見上げると、たくさんの鳥が［群］れをなして、南の方へ飛んでいった。,石川県／愛媛県(小4~小5)／高知県(小4~小6)／宮崎県(小1~中1)／鹿児島県（小1~中2）／沖縄県（小1~中3）,
4,欠,か,大事にしていたお皿が［欠］けてしまい、とても悲しい気持ちになった。,石川県／愛媛県(小4~小5)／高知県(小4~小6)／宮崎県(小1~中1)／鹿児島県（小1~中2）／沖縄県（小1~中3）,
4,結,むす,靴ひもがほどけないように、しっかりと［結］んでから、外へ出かけた。,石川県／愛媛県(小4~小5)／高知県(小4~小6)／宮崎県(小1~中1)／鹿児島県（小1~中2）／沖縄県（小1~中3）,
4,建,た,駅の前に、新しい図書館を［建］てるための工事が始まった。,石川県／愛媛県(小4~小5)／高知県(小4~小6)／宮崎県(小1~中1)／鹿児島県（小1~中2）／沖縄県（小1~中3）,
4,固,かた,コンクリートで［固］められた地面は、とてもじょうぶだ。,福井県／愛媛県(小4~小5)／高知県(小4~小6)／宮崎県(小1~中1)／鹿児島県（小1~中2）／沖縄県（小1~中3）,
4,好,す,ぼくは、犬が［好］きで、いつか大きな犬を飼ってみたいと思っている。,福井県／愛媛県(小4~小5)／高知県(小4~小6)／宮崎県(小1~中1)／鹿児島県（小1~中2）／沖縄県（小1~中3）,
4,香,かお,庭に咲いたキンモクセイの、甘い［香］りが風にのって部屋まで届く。,福井県／愛媛県(小4~小5)／高知県(小4~小6)／宮崎県(小1~中1)／鹿児島県（小1~中2）／沖縄県（小1~中3）,
4,差,さ,計算問題で、大きい数と小さい数の［差］を求める練習をした。,福井県／愛媛県(小4~小5)／高知県(小4~小6)／宮崎県(小1~中1)／鹿児島県（小1~中2）／沖縄県（小1~中3）,
4,刷,す,新聞は、大きな印刷機で、一晩に何万部も［刷］られるそうだ。,福井県／愛媛県(小4~小5)／高知県(小4~小6)／宮崎県(小1~中1)／鹿児島県（小1~中2）／沖縄県（小1~中3）,
4,参,まい,お正月に、家族みんなで近くの神社へお［参］りに行った。,福井県／愛媛県(小4~小5)／高知県(小4~小6)／宮崎県(小1~中1)／鹿児島県（小1~中2）／沖縄県（小1~中3）,
4,鹿,しか,奈良の公園で、たくさんの［鹿］が、観光客からせんべいをもらっていた。,長野県／愛媛県(小4~小5)／高知県(小4~小6)／宮崎県(小1~中1)／鹿児島県（小1~中2）／沖縄県（小1~中3）,
4,借,か,図書館へ行って、夏休みの間に読む本を五さつ［借］りてきた。,長野県／愛媛県(小4~小5)／高知県(小4~小6)／宮崎県(小1~中1)／鹿児島県（小1~中2）／沖縄県（小1~中3）,
4,種,たね,春になって、庭にアサガオの［種］をまいたら、小さな芽が出てきた。,長野県／愛媛県(小4~小5)／高知県(小4~小6)／宮崎県(小1~中1)／鹿児島県（小1~中2）／沖縄県（小1~中3）,
4,周,まわ,公園の池の［周］りを、犬といっしょに元気に走って散歩した。,長野県／愛媛県(小4~小5)／高知県(小4~小6)／宮崎県(小1~中1)／鹿児島県（小1~中2）／沖縄県（小1~中3）,
4,祝,いわ,友達の誕生日を、クラスのみんなで歌をうたってお［祝］いした。,長野県／愛媛県(小4~小5)／高知県(小4~小6)／宮崎県(小1~中1)／鹿児島県（小1~中2）／沖縄県（小1~中3）,
4,順,じゅん,図書館では、本を棚の番号の［順］にならべて、きちんとせいりする。,長野県／愛媛県(小4~小5)／高知県(小4~小6)／宮崎県(小1~中1)／鹿児島県（小1~中2）／沖縄県（小1~中3）,
4,初,はじ,生まれて［初］めて飛行機に乗ったとき、空から見る景色にとても感動した。,長野県／愛媛県(小4~小5)／高知県(小4~小6)／宮崎県(小1~中1)／鹿児島県（小1~中2）／沖縄県（小1~中3）,
4,松,まつ,おじいちゃんの家の庭には、立派な［松］の木が一本、堂々と立っている。,長野県／愛媛県(小4~小5)／高知県(小4~小6)／宮崎県(小1~中1)／鹿児島県（小1~中2）／沖縄県（小1~中3）,
4,焼,や,キャンプで、自分たちでつかまえた魚を、たき火でこんがりと［焼］いて食べた。,岐阜県／愛媛県(小4~小5)／高知県(小4~小6)／宮崎県(小1~中1)／鹿児島県（小1~中2）／沖縄県（小1~中3）,
4,照,て,雲のすきまから、太陽の光が地上を明るく［照］らしていた。,岐阜県／愛媛県(小4~小5)／高知県(小4~小6)／宮崎県(小1~中1)／鹿児島県（小1~中2）／沖縄県（小1~中3）,
4,城,しろ,お［城］のまわりにある、深いおほりを、船にのって見学した。,岐阜県／愛媛県(小4~小5)／高知県(小4~小6)／宮崎県(小1~中1)／鹿児島県（小1~中2）／沖縄県（小1~中3）,
4,縄,なわ,［縄］とび大会を開催した。,岐阜県／愛媛県(小4~小5)／高知県(小4~小6)／宮崎県(小1~中1)／鹿児島県（小1~中2）／沖縄県（小1~中3）,
4,清,きよ,山の奥からわき出る［清］い水を、みんなで大切に飲んだ。,岐阜県／愛媛県(小4~小5)／高知県(小4~小6)／宮崎県(小1~中1)／鹿児島県（小1~中2）／沖縄県（小1~中3）,
4,静,しず,図書館の中では、みんなが本に集中できるよう、［静］かにすごすのがルールだ。,岐阜県／愛媛県(小4~小5)／高知県(小4~小6)／宮崎県(小1~中1)／鹿児島県（小1~中2）／沖縄県（小1~中3）,
4,席,せき,映画館では、指定された［席］にすわって、静かに映画を観賞した。,岐阜県／愛媛県(小4~小5)／高知県(小4~小6)／宮崎県(小1~中1)／鹿児島県（小1~中2）／沖縄県（小1~中3）,
4,積,つ,冬の間に、たくさんの雪が地面に［積］もり、あたり一面が真っ白になった。,岐阜県／愛媛県(小4~小5)／高知県(小4~小6)／宮崎県(小1~中1)／鹿児島県（小1~中2）／沖縄県（小1~中3）,
4,折,お,友達の誕生日に、きれいな色の紙で、心をこめて鶴を［折］ってあげた。,岐阜県／愛媛県(小4~小5)／高知県(小4~小6)／宮崎県(小1~中1)／鹿児島県（小1~中2）／沖縄県（小1~中3）,
4,浅,あさ,夏休みに、家族で川へ行き、水が［浅］い場所で、魚つりを楽しんだ。,岐阜県／愛媛県(小4~小5)／高知県(小4~小6)／宮崎県(小1~中1)／鹿児島県（小1~中2）／沖縄県（小1~中3）,
4,選,えら,体育大会のリレーの選手に、クラスの代表として［選］ばれた。,岐阜県／愛媛県(小4~小5)／高知県(小4~小6)／宮崎県(小1~中1)／鹿児島県（小1~中2）／沖縄県（小1~中3）,
4,巣,す,家の軒下に、ツバメが土やわらを集めて、じょうぶな［巣］を作っていた。,山梨県／愛媛県(小4~小5)／高知県(小4~小6)／宮崎県(小1~中1)／鹿児島県（小1~中2）／沖縄県（小1~中3）,
4,束,たば,お母さんへのプレゼントに、きれいな花を［束］にしてもらった。,山梨県／愛媛県(小4~小5)／高知県(小4~小6)／宮崎県(小1~中1)／鹿児島県（小1~中2）／沖縄県（小1~中3）,
4,続,つづ,雨の日が何日も［続］いたので、外で元気に遊べなくて残念だ。,山梨県／愛媛県(小4~小5)／高知県(小4~小6)／宮崎県(小1~中1)／鹿児島県（小1~中2）／沖縄県（小1~中3）,
4,孫,まご,おじいちゃんは、［孫］のぼくが遊びに来るのを、いつも楽しみにしている。,山梨県／愛媛県(小4~小5)／高知県(小4~小6)／宮崎県(小1~中1)／鹿児島県（小1~中2）／沖縄県（小1~中3）,
4,帯,おび,夏祭りには、お母さんに手伝ってもらって、きれいな浴衣の［帯］を結んだ。,山梨県／愛媛県(小4~小5)／高知県(小4~小6)／宮崎県(小1~中1)／鹿児島県（小1~中2）／沖縄県（小1~中3）,
4,置,お,机の上が散らかっていたので、本や文房具を、もとの場所へきちんと［置］いた。,山梨県／愛媛県(小4~小5)／高知県(小4~小6)／宮崎県(小1~中1)／鹿児島県（小1~中2）／沖縄県（小1~中3）,
4,仲,なか,ぼくは、クラスの友達と、みんな［仲］よく、毎日楽しくすごしている。,山梨県／愛媛県(小4~小5)／高知県(小4~小6)／宮崎県(小1~中1)／鹿児島県（小1~中2）／沖縄県（小1~中3）,
4,低,ひく,飛行機が、だんだんと高さを下げて、［低］い雲の中へ入っていった。,山梨県／愛媛県(小4~小5)／高知県(小4~小6)／宮崎県(小1~中1)／鹿児島県（小1~中2）／沖縄県（小1~中3）,
4,底,そこ,プールの［底］に、きらきら光るきれいな石がしずんでいるのを見つけた。,山梨県／愛媛県(小4~小5)／高知県(小4~小6)／宮崎県(小1~中1)／鹿児島県（小1~中2）／沖縄県（小1~中3）,
4,的,まと,弓道の練習で、矢がみごとに［的］の真ん中に当たった。,山梨県／愛媛県(小4~小5)／高知県(小4~小6)／宮崎県(小1~中1)／鹿児島県（小1~中2）／沖縄県（小1~中3）,
4,伝,つた,昔の人は、大切な知らせを、伝書鳩を使って遠くまで［伝］えた。,静岡県／愛媛県(小4~小5)／高知県(小4~小6)／宮崎県(小1~中1)／鹿児島県（小1~中2）／沖縄県（小1~中3）,
4,働,はたら,お父さんは、家族のために、毎日一生懸命に［働］いてくれている。,静岡県／愛媛県(小4~小5)／高知県(小4~小6)／宮崎県(小1~中1)／鹿児島県（小1~中2）／沖縄県（小1~中3）,
4,梨,なし,秋になると、おじいちゃんの家の畑で、みずみずしい［梨］がたくさんとれる。,静岡県／愛媛県(小4~小5)／高知県(小4~小6)／宮崎県(小1~中1)／鹿児島県（小1~中2）／沖縄県（小1~中3）,
4,熱,ねつ,やかんにいれた水が、火の力で［熱］くなって、湯気が出てきた。,静岡県／愛媛県(小4~小5)／高知県(小4~小6)／宮崎県(小1~中1)／鹿児島県（小1~中2）／沖縄県（小1~中3）,
4,念,ねん,試合に勝てるように、勝利を［念］じて、チーム全員で円陣を組んだ。,静岡県／愛媛県(小4~小5)／高知県(小4~小6)／宮崎県(小1~中1)／鹿児島県（小1~中2）／沖縄県（小1~中3）,
4,敗,やぶ,サッカーの試合で、相手チームに［敗］れてしまったが、最後まで全力で戦った。,静岡県／愛媛県(小4~小5)／高知県(小4~小6)／宮崎県(小1~中1)／鹿児島県（小1~中2）／沖縄県（小1~中3）,
4,梅,うめ,庭の［梅］の木に、きれいな花が咲き、春の訪れを知らせてくれた。,静岡県／愛媛県(小4~小5)／高知県(小4~小6)／宮崎県(小1~中1)／鹿児島県（小1~中2）／沖縄県（小1~中3）,
4,飯,はん,朝ごはんは、一日の元気の源だから、しっかりとご［飯］を食べよう。,静岡県／愛媛県(小4~小5)／高知県(小4~小6)／宮崎県(小1~中1)／鹿児島県（小1~中2）／沖縄県（小1~中3）,
4,飛,と,鳥のように、自由に大空を［飛］んでみたいと、小さいころから夢見ていた。,静岡県／愛媛県(小4~小5)／高知県(小4~小6)／宮崎県(小1~中1)／鹿児島県（小1~中2）／沖縄県（小1~中3）,
4,夫,おっと,ぼくの父は、母の［夫］であり、ぼくたち家族の大黒柱だ。,静岡県／愛媛県(小4~小5)／高知県(小4~小6)／宮崎県(小1~中1)／鹿児島県（小1~中2）／沖縄県（小1~中3）,
4,副,ふく,学級委員長を助ける、［副］委員長に、クラスの友達が選ばれた。,愛知県／愛媛県(小4~小5)／高知県(小4~小6)／宮崎県(小1~中1)／鹿児島県（小1~中2）／沖縄県（小1~中3）,
4,別,わか,卒業式で、お世話になった先生や友達と、お［別］れするのがさみしかった。,愛知県／愛媛県(小4~小5)／高知県(小4~小6)／宮崎県(小1~中1)／鹿児島県（小1~中2）／沖縄県（小1~中3）,
4,辺,へん,この［辺］りは、夜になると静かで、星がとてもきれいに見える。,愛知県／愛媛県(小4~小5)／高知県(小4~小6)／宮崎県(小1~中1)／鹿児島県（小1~中2）／沖縄県（小1~中3）,
4,変,か,信号の色が、赤から青に［変］わるのを、しっかりと見てから道をわたる。,愛知県／愛媛県(小4~小5)／高知県(小4~小6)／宮崎県(小1~中1)／鹿児島県（小1~中2）／沖縄県（小1~中3）,
4,包,つつ,割れやすいお皿を、新聞紙でていねいに［包］んで、箱に入れた。,愛知県／愛媛県(小4~小5)／高知県(小4~小6)／宮崎県(小1~中1)／鹿児島県（小1~中2）／沖縄県（小1~中3）,
4,望,のぞ,遠くに住んでいるおじいちゃんに、もう一度会いたいと強く［望］んでいる。,愛知県／愛媛県(小4~小5)／高知県(小4~小6)／宮崎県(小1~中1)／鹿児島県（小1~中2）／沖縄県（小1~中3）,
4,満,み,お風呂に、お湯がちょうど良い量まで［満］ちるのを、静かに待った。,愛知県／愛媛県(小4~小5)／高知県(小4~小6)／宮崎県(小1~中1)／鹿児島県（小1~中2）／沖縄県（小1~中3）,
4,勇,いさ,消防士は、危険な火の中へも飛び込んでいく、とても［勇］ましい仕事だ。,愛知県／愛媛県(小4~小5)／高知県(小4~小6)／宮崎県(小1~中1)／鹿児島県（小1~中2）／沖縄県（小1~中3）,
4,浴,あ,夏の暑い日には、冷たいシャワーを［浴］びると、とても気持ちがいい。,愛知県／愛媛県(小4~小5)／高知県(小4~小6)／宮崎県(小1~中1)／鹿児島県（小1~中2）／沖縄県（小1~中3）,
4,陸,りく,船が港に着き、ぼくたちは、長い船旅を終えて［陸］に上がった。,愛知県／愛媛県(小4~小5)／高知県(小4~小6)／宮崎県(小1~中1)／鹿児島県（小1~中2）／沖縄県（小1~中3）,
4,量,はか,料理をするときは、きちんと分量を［量］ることが、おいしく作るこつだ。,愛知県／愛媛県(小4~小5)／高知県(小4~小6)／宮崎県(小1~中1)／鹿児島県（小1~中2）／沖縄県（小1~中3）,
4,輪,わ,友達と手をつないで、大きな［輪］になって、みんなで歌をうたった。,愛知県／愛媛県(小4~小5)／高知県(小4~小6)／宮崎県(小1~中1)／鹿児島県（小1~中2）／沖縄県（小1~中3）,
4,冷,ひ,暑い夏の日には、冷蔵庫で［冷］やした、冷たい麦茶がおいしい。,愛知県／愛媛県(小4~小5)／高知県(小4~小6)／宮崎県(小1~中1)／鹿児島県（小1~中2）／沖縄県（小1~中3）,
4,連,つ,休みの日に、家族と［連］れだって、近くの公園へ遊びに行った。,愛知県／愛媛県(小4~小5)／高知県(小4~小6)／宮崎県(小1~中1)／鹿児島県（小1~中2）／沖縄県（小1~中3）,
5,囲,かこ,キャンプファイヤーの火を、みんなで輪になって［囲］み、夜が更けるまで語り合った。,滋賀県／愛媛県(小4~小5)／高知県(小4~小6)／宮崎県(小1~中1)／鹿児島県（小1~中2）／沖縄県（小1~中3）,
5,易,やさ,この問題は、一見むずかしそうに見えるが、実はとても［易］しい。,滋賀県／愛媛県(小4~小5)／高知県(小4~小6)／宮崎県(小1~中1)／鹿児島県（小1~中2）／沖縄県（小1~中3）,
5,桜,さくら,公園の［桜］の木が満開になり、たくさんの人がお花見に来ていた。,滋賀県／愛媛県(小4~小5)／高知県(小4~小6)／宮崎県(小1~中1)／鹿児島県（小1~中2）／沖縄県（小1~中3）,
5,仮,かり,雨でグラウンドが使えないので、体育館に［仮］のコースを作って走った。,滋賀県／愛媛県(小4~小5)／高知県(小4~小6)／宮崎県(小1~中1)／鹿児島県（小1~中2）／沖縄県（小1~中3）,
5,河,かわ,大きな［河］には、たくさんの水が流れ、人々の生活を支えている。,滋賀県／愛媛県(小4~小5)／高知県(小4~小6)／宮崎県(小1~中1)／鹿児島県（小1~中2）／沖縄県（小1~中3）,
5,過,す,楽しい時間は、あっという間に［過］ぎて、もう家に帰る時間になった。,滋賀県／愛媛県(小4~小5)／高知県(小4~小6)／宮崎県(小1~中1)／鹿児島県（小1~中2）／沖縄県（小1~中3）,
5,額,がく,おじいちゃんの家には、立派な絵が、きれいな［額］に入れられて飾ってある。,滋賀県／愛媛県(小4~小5)／高知県(小4~小6)／宮崎県(小1~中1)／鹿児島県（小1~中2）／沖縄県（小1~中3）,
5,幹,みき,台風の強い風にも負けず、大木の［幹］は、どっしりと立っていた。,三重県／愛媛県(小4~小5)／高知県(小4~小6)／宮崎県(小1~中1)／鹿児島県（小1~中2）／沖縄県（小1~中3）,
5,慣,な,新しいクラスにも、だんだんと［慣］れて、たくさんの友達ができた。,三重県／愛媛県(小4~小5)／高知県(小4~小6)／宮崎県(小1~中1)／鹿児島県（小1~中2）／沖縄県（小1~中3）,
5,眼,まなこ,鳥は、鋭い［眼］で、空の上から地上のえものを見つけることができる。,三重県／愛媛県(小4~小5)／高知県(小4~小6)／宮崎県(小1~中1)／鹿児島県（小1~中2）／沖縄県（小1~中3）,
5,基,もと,この物語は、実際にあった歴史的な事件を［基］にして作られたそうだ。,三重県／愛媛県(小4~小5)／高知県(小4~小6)／宮崎県(小1~中1)／鹿児島県（小1~中2）／沖縄県（小1~中3）,
5,喜,よろこ,弟は、誕生日プレゼントをもらって、満面の笑みで［喜］んでいた。,三重県／愛媛県(小4~小5)／高知県(小4~小6)／宮崎県(小1~中1)／鹿児島県（小1~中2）／沖縄県（小1~中3）,
5,境,さかい,となりの県との［境］には、大きな川が流れている。,三重県／愛媛県(小4~小5)／高知県(小4~小6)／宮崎県(小1~中1)／鹿児島県（小1~中2）／沖縄県（小1~中3）,
5,型,かた,この自動車は、最新の技術を取り入れた、新しい［型］のモデルだ。,三重県／愛媛県(小4~小5)／高知県(小4~小6)／宮崎県(小1~中1)／鹿児島県（小1~中2）／沖縄県（小1~中3）,
5,経,へ,長い年月を［経］て、このお寺は、国の重要な文化財になった。,三重県／愛媛県(小4~小5)／高知県(小4~小6)／宮崎県(小1~中1)／鹿児島県（小1~中2）／沖縄県（小1~中3）,
5,潔,いさぎよ,彼は、自分の 考えが ちがうと 気づき、［潔］く 認めた。,三重県／愛媛県(小4~小5)／高知県(小4~小6)／宮崎県(小1~中1)／鹿児島県（小1~中2）／沖縄県（小1~中3）,
5,険,けわ,この山道は、とても［険］しいので、登るときは十分な注意が必要だ。,三重県／愛媛県(小4~小5)／高知県(小4~小6)／宮崎県(小1~中1)／鹿児島県（小1~中2）／沖縄県（小1~中3）,
5,現,あらわ,雲の切れ間から、太陽が光とともに［現］れ、あたりを照らした。,京都府／愛媛県(小4~小5)／高知県(小4~小6)／宮崎県(小1~中1)／鹿児島県（小1~中2）／沖縄県（小1~中3）,
5,厚,あつ,寒い冬の夜は、［厚］い布団にくるまって寝ると、とても暖かい。,京都府／愛媛県(小4~小5)／高知県(小4~小6)／宮崎県(小1~中1)／鹿児島県（小1~中2）／沖縄県（小1~中3）,
5,告,つ,先生は、明日の遠足が中止になったことを、生徒たちにはっきりと［告］げた。,京都府／愛媛県(小4~小5)／高知県(小4~小6)／宮崎県(小1~中1)／鹿児島県（小1~中2）／沖縄県（小1~中3）,
5,混,ま,絵の具の赤色と青色を［混］ぜ合わせると、紫色になることを図工で学んだ。,京都府／愛媛県(小4~小5)／高知県(小4~小6)／宮崎県(小1~中1)／鹿児島県（小1~中2）／沖縄県（小1~中3）,
5,再,ふたた,休んだ あと、［再］び 走り始めた。,京都府／愛媛県(小4~小5)／高知県(小4~小6)／宮崎県(小1~中1)／鹿児島県（小1~中2）／沖縄県（小1~中3）,
5,妻,つま,物語の 中で、［妻］が 家族を 助けた。,京都府／愛媛県(小4~小5)／高知県(小4~小6)／宮崎県(小1~中1)／鹿児島県（小1~中2）／沖縄県（小1~中3）,
5,罪,つみ,法律を破ることは、［罪］であり、その行いには罰が与えられる。,京都府／愛媛県(小4~小5)／高知県(小4~小6)／宮崎県(小1~中1)／鹿児島県（小1~中2）／沖縄県（小1~中3）,
5,支,ささ,家族みんなで、お互いを［支］え合いながら、毎日を楽しく暮らしている。,奈良県／愛媛県(小4~小5)／高知県(小4~小6)／宮崎県(小1~中1)／鹿児島県（小1~中2）／沖縄県（小1~中3）,
5,志,こころざし,将来、医者になって多くの人を助けたいという、高い［志］を持っている。,奈良県／愛媛県(小4~小5)／高知県(小4~小6)／宮崎県(小1~中1)／鹿児島県（小1~中2）／沖縄県（小1~中3）,
5,枝,えだ,公園の大きな木の［枝］に、小鳥がとまって、きれいな声で鳴いていた。,奈良県／愛媛県(小4~小5)／高知県(小4~小6)／宮崎県(小1~中1)／鹿児島県（小1~中2）／沖縄県（小1~中3）,
5,飼,か,ぼくの家では、小さな犬を［飼］っていて、毎日、散歩に連れて行く。,奈良県／愛媛県(小4~小5)／高知県(小4~小6)／宮崎県(小1~中1)／鹿児島県（小1~中2）／沖縄県（小1~中3）,
5,示,しめ,先生は、地図上の大切な場所を、赤い棒で指し［示］しながら説明した。,奈良県／愛媛県(小4~小5)／高知県(小4~小6)／宮崎県(小1~中1)／鹿児島県（小1~中2）／沖縄県（小1~中3）,
5,似,に,ぼくは、笑った顔が、お父さんによく［似］ていると、みんなから言われる。,奈良県／愛媛県(小4~小5)／高知県(小4~小6)／宮崎県(小1~中1)／鹿児島県（小1~中2）／沖縄県（小1~中3）,
5,授,さず,校長先生から、卒業証書を一人ずつ、ていねいに［授］けられた。,奈良県／愛媛県(小4~小5)／高知県(小4~小6)／宮崎県(小1~中1)／鹿児島県（小1~中2）／沖縄県（小1~中3）,
5,述,の,会議の場で、ぼくは自分の意見を、みんなの前ではっきりと［述］べた。,奈良県／愛媛県(小4~小5)／高知県(小4~小6)／宮崎県(小1~中1)／鹿児島県（小1~中2）／沖縄県（小1~中3）,
5,招,まね,今度の週末、ぼくの家に友達を［招］いて、誕生日パーティーを開く予定だ。,奈良県／愛媛県(小4~小5)／高知県(小4~小6)／宮崎県(小1~中1)／鹿児島県（小1~中2）／沖縄県（小1~中3）,
5,象,ぞう,動物園で見た、大きな［象］の迫力に、ぼくはとても驚いた。,大阪府／愛媛県(小4~小5)／高知県(小4~小6)／宮崎県(小1~中1)／鹿児島県（小1~中2）／沖縄県（小1~中3）,
5,情,なさ,「［情］け」は、人を 思いやる 心の ことだ。,大阪府／愛媛県(小4~小5)／高知県(小4~小6)／宮崎県(小1~中1)／鹿児島県（小1~中2）／沖縄県（小1~中3）,
5,織,お,この工場では、たくさんの機械が、美しい模様の布を［織］っている。,大阪府／愛媛県(小4~小5)／高知県(小4~小6)／宮崎県(小1~中1)／鹿児島県（小1~中2）／沖縄県（小1~中3）,
5,勢,いきお,ランナーは、ゴールに向かって、すごい［勢］いで走っていった。,大阪府／愛媛県(小4~小5)／高知県(小4~小6)／宮崎県(小1~中1)／鹿児島県（小1~中2）／沖縄県（小1~中3）,
5,増,ふ,この町は、新しい家が次々と建ち、人口が［増］え続けている。,和歌山県／愛媛県(小4~小5)／高知県(小4~小6)／宮崎県(小1~中1)／鹿児島県（小1~中2）／沖縄県（小1~中3）,
5,損,そん,使わない ものを 買うと、［損］を する ことが ある。,和歌山県／愛媛県(小4~小5)／高知県(小4~小6)／宮崎県(小1~中1)／鹿児島県（小1~中2）／沖縄県（小1~中3）,
5,銅,どう,オリンピックでは、三位の選手に、輝く［銅］メダルが贈られる。,和歌山県／愛媛県(小4~小5)／高知県(小4~小6)／宮崎県(小1~中1)／鹿児島県（小1~中2）／沖縄県（小1~中3）,
5,得,え,努力を続ければ、必ず良い結果を、［得］ることができると信じている。,和歌山県／愛媛県(小4~小5)／高知県(小4~小6)／宮崎県(小1~中1)／鹿児島県（小1~中2）／沖縄県（小1~中3）,
5,燃,も,キャンプファイヤーの火が、ぱちぱちと音を立てて、赤く［燃］えている。,和歌山県／愛媛県(小4~小5)／高知県(小4~小6)／宮崎県(小1~中1)／鹿児島県（小1~中2）／沖縄県（小1~中3）,
5,犯,おか,罪を［犯］した人は、法律によって、正しく裁かれなければならない。,和歌山県／愛媛県(小4~小5)／高知県(小4~小6)／宮崎県(小1~中1)／鹿児島県（小1~中2）／沖縄県（小1~中3）,
5,版,はん,この本は、人気が高く、何度も［版］を重ねて、多くの人に読まれている。,兵庫県／愛媛県(小4~小5)／高知県(小4~小6)／宮崎県(小1~中1)／鹿児島県（小1~中2）／沖縄県（小1~中3）,
5,備,そな,地震に［備］えて、家には水や食料、懐中電灯などを準備している。,兵庫県／愛媛県(小4~小5)／高知県(小4~小6)／宮崎県(小1~中1)／鹿児島県（小1~中2）／沖縄県（小1~中3）,
5,布,ぬの,家庭科の授業で、きれいな柄の［布］を使って、小物入れを作った。,兵庫県／愛媛県(小4~小5)／高知県(小4~小6)／宮崎県(小1~中1)／鹿児島県（小1~中2）／沖縄県（小1~中3）,
5,編,あ,お母さんが、冬の寒さに向けて、暖かい毛糸のセーターを［編］んでくれた。,兵庫県／愛媛県(小4~小5)／高知県(小4~小6)／宮崎県(小1~中1)／鹿児島県（小1~中2）／沖縄県（小1~中3）,
5,墓,はか,お盆には、家族みんなで、ご先祖様のお［墓］まいりに行く。,兵庫県／愛媛県(小4~小5)／高知県(小4~小6)／宮崎県(小1~中1)／鹿児島県（小1~中2）／沖縄県（小1~中3）,
5,暴,あば,強い台風が近づき、窓の外では、風が［暴］れまわっている。,兵庫県／愛媛県(小4~小5)／高知県(小4~小6)／宮崎県(小1~中1)／鹿児島県（小1~中2）／沖縄県（小1~中3）,
5,務,つと,ぼくは、この学校の生徒として、勉強に励むという［務］めを果たしたい。,兵庫県／愛媛県(小4~小5)／高知県(小4~小6)／宮崎県(小1~中1)／鹿児島県（小1~中2）／沖縄県（小1~中3）,
5,夢,ゆめ,ぼくの将来の［夢］は、宇宙飛行士になって、月へ行くことだ。,兵庫県／愛媛県(小4~小5)／高知県(小4~小6),
5,迷,まよ,知らない町で道に［迷］ってしまったが、親切な人が交番まで案内してくれた。,兵庫県／愛媛県(小4~小5)／高知県(小4~小6),
5,綿,めん,このタオルは、［綿］でできているので、肌ざわりがとても良い。,兵庫県／愛媛県(小4~小5)／高知県(小4~小6),
5,余,あま,ケーキをみんなで分けたけれど、一切れだけ［余］ってしまった。,兵庫県／愛媛県(小4~小5)／高知県(小4~小6),
6,胃,い,食べ過ぎると、［胃］がもたれて、気持ちが悪くなることがある。,鳥取県／高知県(小4~小6)／宮崎県(小1~中1)／鹿児島県（小1~中2）／沖縄県（小1~中3）,
6,灰,はい,たき火のあとには、真っ白な［灰］だけが残っていた。,鳥取県／高知県(小4~小6)／宮崎県(小1~中1)／鹿児島県（小1~中2）／沖縄県（小1~中3）,
6,巻,ま,長い紙を［巻］いて、筒状にしてから、箱にしまった。,鳥取県／高知県(小4~小6)／宮崎県(小1~中1)／鹿児島県（小1~中2）／沖縄県（小1~中3）,
6,危,あぶ,工事現場の 近くは ［危］ないので、近づかない。,鳥取県／高知県(小4~小6)／宮崎県(小1~中1)／鹿児島県（小1~中2）／沖縄県（小1~中3）,
6,机,つくえ,ぼくは、自分の［机］の上をいつもきれいに整理整頓している。,鳥取県／高知県(小4~小6)／宮崎県(小1~中1)／鹿児島県（小1~中2）／沖縄県（小1~中3）,
6,吸,す,森の中を散歩すると、新鮮な空気を［吸］い込むことができて、とても気持ちがいい。,鳥取県／高知県(小4~小6)／宮崎県(小1~中1)／鹿児島県（小1~中2）／沖縄県（小1~中3）,
6,胸,むね,彼は、大きな夢を［胸］に抱き、未来に向かって努力を続けている。,鳥取県／高知県(小4~小6)／宮崎県(小1~中1)／鹿児島県（小1~中2）／沖縄県（小1~中3）,
6,筋,すじ,この物語は、複雑な人間関係が絡み合い、［筋］が通っていて面白い。,鳥取県／高知県(小4~小6)／宮崎県(小1~中1)／鹿児島県（小1~中2）／沖縄県（小1~中3）,
6,劇,げき,学芸会で、ぼくは初めて［劇］に出演し、大きな拍手をもらった。,鳥取県／高知県(小4~小6)／宮崎県(小1~中1)／鹿児島県（小1~中2）／沖縄県（小1~中3）,
6,穴,あな,地面に掘られた深い［穴］の中に、何かが隠されているようだ。,岡山県／高知県(小4~小6)／宮崎県(小1~中1)／鹿児島県（小1~中2）／沖縄県（小1~中3）,
6,絹,きぬ,お母さんが着ている着物は、美しい［絹］でできていて、とても上品だ。,岡山県／高知県(小4~小6)／宮崎県(小1~中1)／鹿児島県（小1~中2）／沖縄県（小1~中3）,
6,厳,きび,先生は、普段は優しいけれど、授業中はとても［厳］しい。,岡山県／高知県(小4~小6)／宮崎県(小1~中1)／鹿児島県（小1~中2）／沖縄県（小1~中3）,
6,己,おのれ,人は、まず［己］を知り、自分の長所と短所を理解することが大切だ。,岡山県／高知県(小4~小6)／宮崎県(小1~中1)／鹿児島県（小1~中2）／沖縄県（小1~中3）,
6,誤,あやま,手紙の あて先を ［誤］ったが、すぐに 書き直した。,岡山県／高知県(小4~小6)／宮崎県(小1~中1)／鹿児島県（小1~中2）／沖縄県（小1~中3）,
6,紅,べに,夕焼け空が、燃えるような［紅］色に染まり、とても美しかった。,岡山県／高知県(小4~小6)／宮崎県(小1~中1)／鹿児島県（小1~中2）／沖縄県（小1~中3）,
6,降,お,飛行機が、だんだんと高度を下げて、空港に着陸するために［降］りてきた。,岡山県／高知県(小4~小6)／宮崎県(小1~中1)／鹿児島県（小1~中2）／沖縄県（小1~中3）,
6,鋼,はがね,この包丁は、とても硬い［鋼］でできていて、切れ味が良い。,岡山県／高知県(小4~小6)／宮崎県(小1~中1)／鹿児島県（小1~中2）／沖縄県（小1~中3）,
6,骨,ほね,犬は、大好きな［骨］のおもちゃを、庭の土の中に隠した。,岡山県／高知県(小4~小6)／宮崎県(小1~中1)／鹿児島県（小1~中2）／沖縄県（小1~中3）,
6,砂,すな,夏休みに、海岸でサラサラの［砂］を使って、大きな砂の城を作った。,岡山県／高知県(小4~小6)／宮崎県(小1~中1)／鹿児島県（小1~中2）／沖縄県（小1~中3）,
6,蚕,かいこ,昔の日本では、［蚕］を育てて、絹糸を作る養蚕が盛んだった。,岡山県／高知県(小4~小6)／宮崎県(小1~中1)／鹿児島県（小1~中2）／沖縄県（小1~中3）,
6,私,わたし,［私］は、将来、世界中の人々を笑顔にできる仕事がしたいと思っている。,岡山県／高知県(小4~小6)／宮崎県(小1~中1)／鹿児島県（小1~中2）／沖縄県（小1~中3）,
6,姿,すがた,鏡に映る自分の［姿］を見て、今日の服装が乱れていないか確認した。,岡山県／高知県(小4~小6)／宮崎県(小1~中1)／鹿児島県（小1~中2）／沖縄県（小1~中3）,
6,射,い,オリンピックのアーチェリー競技で、選手が的に向かって矢を［射］る姿は、とてもかっこいい。,岡山県／高知県(小4~小6)／宮崎県(小1~中1)／鹿児島県（小1~中2）／沖縄県（小1~中3）,
6,尺,しゃく,昔の日本では、［尺］という単位で、物の長さを測っていたそうだ。,岡山県／高知県(小4~小6)／宮崎県(小1~中1)／鹿児島県（小1~中2）／沖縄県（小1~中3）,
6,縦,たて,地図の［縦］と横の線は、場所を示すための大切な目印だ。,島根県／高知県(小4~小6)／宮崎県(小1~中1)／鹿児島県（小1~中2）／沖縄県（小1~中3）,
6,熟,う,夏の太陽をたくさん浴びて、畑のトマトが真っ赤に［熟］れた。,島根県／高知県(小4~小6)／宮崎県(小1~中1)／鹿児島県（小1~中2）／沖縄県（小1~中3）,
6,傷,きず,転んで膝にできた［傷］は、消毒をして、絆創膏を貼った。,島根県／高知県(小4~小6)／宮崎県(小1~中1)／鹿児島県（小1~中2）／沖縄県（小1~中3）,
6,障,さわ,彼の言葉は、ぼくの心を深く傷つけ、心に大きな［障］りとなった。,島根県／高知県(小4~小6)／宮崎県(小1~中1)／鹿児島県（小1~中2）／沖縄県（小1~中3）,
6,針,はり,時計の［針］が、午前零時を指し、新しい一日が始まった。,島根県／高知県(小4~小6)／宮崎県(小1~中1)／鹿児島県（小1~中2）／沖縄県（小1~中3）,
6,舌,した,彼は、外国語を学ぶために、［舌］の筋肉を鍛える練習をしている。,島根県／高知県(小4~小6)／宮崎県(小1~中1)／鹿児島県（小1~中2）／沖縄県（小1~中3）,
6,泉,いずみ,森の奥深くには、清らかな水が湧き出る［泉］があるそうだ。,島根県／高知県(小4~小6)／宮崎県(小1~中1)／鹿児島県（小1~中2）／沖縄県（小1~中3）,
6,銭,ぜに,昔の日本では、［銭］という単位で、お金が使われていたそうだ。,島根県／高知県(小4~小6)／宮崎県(小1~中1)／鹿児島県（小1~中2）／沖縄県（小1~中3）,
6,窓,まど,部屋の［窓］を開けると、涼しい風が吹き込んできて、とても気持ちがいい。,島根県／高知県(小4~小6)／宮崎県(小1~中1)／鹿児島県（小1~中2）／沖縄県（小1~中3）,
6,層,そう,地球の内部は、いくつかの［層］に分かれていて、それぞれ異なる性質を持つ。,島根県／高知県(小4~小6)／宮崎県(小1~中1)／鹿児島県（小1~中2）／沖縄県（小1~中3）,
6,蔵,くら,おじいちゃんの家の［蔵］には、昔の貴重な道具がたくさんしまってある。,広島県／高知県(小4~小6)／宮崎県(小1~中1)／鹿児島県（小1~中2）／沖縄県（小1~中3）,
6,暖,あたた,冬の寒い日には、［暖］かいココアを飲むと、体が温まる。,広島県／高知県(小4~小6)／宮崎県(小1~中1)／鹿児島県（小1~中2）／沖縄県（小1~中3）,
6,腸,ちょう,健康のためには、［腸］の働きを良くすることが大切だ。,広島県／高知県(小4~小6)／宮崎県(小1~中1)／鹿児島県（小1~中2）／沖縄県（小1~中3）,
6,潮,しお,［潮］の満ち引きによって、海岸の景色は大きく変化する。,広島県／高知県(小4~小6)／宮崎県(小1~中1)／鹿児島県（小1~中2）／沖縄県（小1~中3）,
6,痛,いた,転んで膝を強く打ち、とても［痛］かったので、すぐに絆創膏を貼った。,広島県／高知県(小4~小6)／宮崎県(小1~中1)／鹿児島県（小1~中2）／沖縄県（小1~中3）,
6,乳,ちち,赤ちゃんは、お母さんの［乳］を飲んで、すくすくと育つ。,広島県／高知県(小4~小6)／宮崎県(小1~中1)／鹿児島県（小1~中2）／沖縄県（小1~中3）,
6,脳,のう,人間の［脳］は、とても複雑な働きをしていて、まだ解明されていない部分が多い。,広島県／高知県(小4~小6)／宮崎県(小1~中1)／鹿児島県（小1~中2）／沖縄県（小1~中3）,
6,背,せ,彼は、［背］が高く、バスケットボールの選手として活躍している。,広島県／高知県(小4~小6)／宮崎県(小1~中1)／鹿児島県（小1~中2）／沖縄県（小1~中3）,
6,肺,はい,人間は、［肺］を使って、空気中の酸素を取り込み、二酸化炭素を排出する。,広島県／高知県(小4~小6)／宮崎県(小1~中1)／鹿児島県（小1~中2）／沖縄県（小1~中3）,
6,班,はん,遠足では、［班］ごとに分かれて行動し、協力して課題に取り組んだ。,広島県／高知県(小4~小6)／宮崎県(小1~中1)／鹿児島県（小1~中2）／沖縄県（小1~中3）,
6,俵,たわら,昔の日本では、米を［俵］に入れて、運んでいたそうだ。,山口県／高知県(小4~小6)／宮崎県(小1~中1)／鹿児島県（小1~中2）／沖縄県（小1~中3）,
6,腹,はら,お［腹］が空いたので、早くご飯を食べたい。,山口県／高知県(小4~小6)／宮崎県(小1~中1)／鹿児島県（小1~中2）／沖縄県（小1~中3）,
6,棒,ぼう,彼は、長い［棒］を使って、高いところにある物を取ろうとした。,山口県／高知県(小4~小6)／宮崎県(小1~中1)／鹿児島県（小1~中2）／沖縄県（小1~中3）,
6,幕,まく,劇の［幕］が上がり、いよいよ物語が始まった。,山口県／高知県(小4~小6)／宮崎県(小1~中1)／鹿児島県（小1~中2）／沖縄県（小1~中3）,
6,訳,わけ,彼の話は、とても複雑で、何を言っているのか［訳］が分からなかった。,山口県／高知県(小4~小6)／宮崎県(小1~中1)／鹿児島県（小1~中2）／沖縄県（小1~中3）,
6,卵,たまご,朝食に、お母さんが焼いてくれた［卵］焼きを食べた。,山口県／高知県(小4~小6)／宮崎県(小1~中1)／鹿児島県（小1~中2）／沖縄県（小1~中3）,
6,裏,うら,この服は、［裏］返して洗濯すると、生地が傷みにくい。,山口県／高知県(小4~小6)／宮崎県(小1~中1)／鹿児島県（小1~中2）／沖縄県（小1~中3）,
